viewport_w	viewport_h	layout	widget	x	y	w	h	visible	callback
1024	768	media/UI/inventorymenu.layout	TopFrame	634	0	390	768	1	
1024	768	media/UI/bottomhud.layout	PlayButton	492	728	40	40	1	guiPause
1024	768	media/UI/bottomhud.layout	InventoryButton	356	674	27	28	1	guiToggleInventory
1024	768	UiHud::frame	PlayButton	492	728	40	40	1	guiPause
1280	720	media/UI/inventorymenu.layout	TopFrame	890	0	390	768	1	
1280	720	media/UI/bottomhud.layout	PlayButton	620	680	40	40	1	guiPause
1280	720	media/UI/bottomhud.layout	InventoryButton	484	626	27	28	1	guiToggleInventory
1280	720	UiHud::frame	PlayButton	620	680	40	40	1	guiPause
1920	1080	media/UI/inventorymenu.layout	TopFrame	1530	0	390	768	1	
1920	1080	media/UI/bottomhud.layout	PlayButton	940	1040	40	40	1	guiPause
1920	1080	media/UI/bottomhud.layout	InventoryButton	804	986	27	28	1	guiToggleInventory
1920	1080	UiHud::frame	PlayButton	940	1040	40	40	1	guiPause
2560	1440	media/UI/inventorymenu.layout	TopFrame	2170	0	390	768	1	
2560	1440	media/UI/bottomhud.layout	PlayButton	1260	1400	40	40	1	guiPause
2560	1440	media/UI/bottomhud.layout	InventoryButton	1124	1346	27	28	1	guiToggleInventory
2560	1440	UiHud::frame	PlayButton	1260	1400	40	40	1	guiPause
