address	symbol
0x00f633c0	lodepng_read32bitInt
0x00f63550	lodepng_compress_settings_init
0x00f63580	lodepng_decompress_settings_init
0x00f635a0	lodepng_crc32
0x00f63640	lodepng_chunk_length
0x00f63660	lodepng_chunk_type
0x00f63680	lodepng_chunk_ancillary
0x00f63690	lodepng_chunk_private
0x00f636a0	lodepng_chunk_safetocopy
0x00f636d0	lodepng_chunk_check_crc
0x00f63730	lodepng_chunk_generate_crc
0x00f63790	lodepng_chunk_next
0x00f637c0	lodepng_chunk_next_const
0x00f63840	lodepng_color_mode_init
0x00f63910	lodepng_get_bpp
0x00f63930	lodepng_get_channels
0x00f63950	lodepng_is_greyscale_type
0x00f63970	lodepng_is_alpha_type
0x00f63980	lodepng_is_palette_type
0x00f63990	lodepng_has_palette_alpha
