file	media/UI/models/inventory/inventory.SKELETON	serializer	[Serializer_v1.10]	bones	5
anchor	tag_bottominventory	handle	3	position	-204.195007	177.007996	7.7372797e-06
anchor	tag_topinventory	handle	4	position	-204.195007	248.494995	0.499998987
animation	bind	length_seconds	0	tracks	0
file	media/UI/models/inventory/open.SKELETON	serializer	[Serializer_v1.10]	bones	5
anchor	tag_bottominventory	handle	3	position	-204.195007	177.007996	7.7372797e-06
anchor	tag_topinventory	handle	4	position	-204.195007	248.494995	0.499998987
animation	open	length_seconds	0.5	tracks	2
file	media/UI/models/inventory/idle.SKELETON	serializer	[Serializer_v1.10]	bones	5
anchor	tag_bottominventory	handle	3	position	-204.195007	177.007996	7.7372797e-06
anchor	tag_topinventory	handle	4	position	-204.195007	248.494995	0.499998987
animation	idle	length_seconds	0.333332986	tracks	0
file	media/UI/models/inventory/close.SKELETON	serializer	[Serializer_v1.10]	bones	5
anchor	tag_bottominventory	handle	3	position	-204.195007	177.007996	7.7372797e-06
anchor	tag_topinventory	handle	4	position	-204.195007	248.494995	0.499998987
animation	close	length_seconds	0.5	tracks	2
