tu,address,name,historical_status,baseline_pr67_statuses,required_headers,snippet_file
character.cpp,0x80e870,CCharacter::setVisible(bool),MATCH,MISSING,Character.h,recovered-pass10/snippets/character.cpp/0x80e870.cpp
character.cpp,0x80ea30,CCharacter::naturalArmor(),MATCH,MISSING,Character.h,recovered-pass10/snippets/character.cpp/0x80ea30.cpp
character.cpp,0x80ea40,CCharacter::HPFloat(),MATCH,MISSING,Character.h,recovered-pass10/snippets/character.cpp/0x80ea40.cpp
character.cpp,0x80ea50,CCharacter::manaFloat(),MATCH,MISSING,Character.h,recovered-pass10/snippets/character.cpp/0x80ea50.cpp
character.cpp,0x80ea60,CCharacter::giveUnusedPerkPoints(int),MATCH,MISSING,Character.h,recovered-pass10/snippets/character.cpp/0x80ea60.cpp
character.cpp,0x80ea70,CCharacter::giveUnusedStatPoints(int),MATCH,MISSING,Character.h,recovered-pass10/snippets/character.cpp/0x80ea70.cpp
character.cpp,0x80ea80,CCharacter::giveUnusedSkillPoints(int),MATCH,MISSING,Character.h,recovered-pass10/snippets/character.cpp/0x80ea80.cpp
character.cpp,0x80eaf0,CCharacter::spendRangedPoint(),MATCH,MISSING,Character.h,recovered-pass10/snippets/character.cpp/0x80eaf0.cpp
character.cpp,0x80eb10,CCharacter::spendDefensePoint(),MATCH,MISSING,Character.h,recovered-pass10/snippets/character.cpp/0x80eb10.cpp
character.cpp,0x80eb30,CCharacter::spendMagicPoint(),MATCH,MISSING,Character.h,recovered-pass10/snippets/character.cpp/0x80eb30.cpp
character.cpp,0x80eb50,CCharacter::reclaimMeleePoint(),MATCH,MISSING,Character.h,recovered-pass10/snippets/character.cpp/0x80eb50.cpp
character.cpp,0x80eb70,CCharacter::reclaimRangedPoint(),MATCH,MISSING,Character.h,recovered-pass10/snippets/character.cpp/0x80eb70.cpp
character.cpp,0x80eb90,CCharacter::reclaimDefensePoint(),MATCH,MISSING,Character.h,recovered-pass10/snippets/character.cpp/0x80eb90.cpp
character.cpp,0x80ebb0,CCharacter::reclaimMagicPoint(),MATCH,MISSING,Character.h,recovered-pass10/snippets/character.cpp/0x80ebb0.cpp
character.cpp,0x80edd0,CCharacter::addFame(unsigned int),MATCH,MISSING,Character.h,recovered-pass10/snippets/character.cpp/0x80edd0.cpp
character.cpp,0x80ede0,CCharacter::setAllowJumpDown(bool),MATCH,MISSING,Character.h,recovered-pass10/snippets/character.cpp/0x80ede0.cpp
character.cpp,0x80ee10,CCharacter::getAnimationPlaying(),MATCH,MISSING,Character.h;GenericModel.h,recovered-pass10/snippets/character.cpp/0x80ee10.cpp
character.cpp,0x80ee30,CCharacter::getAnimationSpeed(),MATCH,MISSING,Character.h;GenericModel.h,recovered-pass10/snippets/character.cpp/0x80ee30.cpp
character.cpp,0x80ee60,CCharacter::getAnimationLoop(),MATCH,MISSING,Character.h;GenericModel.h,recovered-pass10/snippets/character.cpp/0x80ee60.cpp
character.cpp,0x80ee80,"CCharacter::setModelPathDummy(std::basic_string<wchar_t, std::char_traits<wchar_t>, std::allocator<wchar_t> >)",MATCH,MISSING,Character.h,recovered-pass10/snippets/character.cpp/0x80ee80.cpp
character.cpp,0x80f390,CCharacter::followRange(),MATCH,MISSING,Character.h;AIManager.h,recovered-pass10/snippets/character.cpp/0x80f390.cpp
character.cpp,0x80f3d0,CCharacter::getBravery(),MATCH,MISSING,Character.h;AIManager.h,recovered-pass10/snippets/character.cpp/0x80f3d0.cpp
character.cpp,0x80fc20,CCharacter::getWeaponInLeftHand(),MATCH,MISSING,Character.h;Inventory.h,recovered-pass10/snippets/character.cpp/0x80fc20.cpp
character.cpp,0x80fc50,CCharacter::getWeaponInRightHand(),MATCH,MISSING,Character.h;Inventory.h,recovered-pass10/snippets/character.cpp/0x80fc50.cpp
character.cpp,0x80fd80,"CCharacter::queueBlendAnimation(std::basic_string<char, std::char_traits<char>, std::allocator<char> > const&, bool, float, float)",MATCH,MISSING,Character.h;GenericModel.h,recovered-pass10/snippets/character.cpp/0x80fd80.cpp
character.cpp,0x80fe90,"CCharacter::animationExists(std::basic_string<char, std::char_traits<char>, std::allocator<char> > const&) const",MATCH,MISSING,Character.h;GenericModel.h,recovered-pass10/snippets/character.cpp/0x80fe90.cpp
character.cpp,0x811630,"CCharacter::animationQueued(std::basic_string<char, std::char_traits<char>, std::allocator<char> > const&) const",MATCH,MISSING,Character.h;GenericModel.h,recovered-pass10/snippets/character.cpp/0x811630.cpp
character.cpp,0x812930,"CCharacter::animationPlaying(std::basic_string<char, std::char_traits<char>, std::allocator<char> > const&) const",MATCH,MISSING,Character.h;GenericModel.h,recovered-pass10/snippets/character.cpp/0x812930.cpp
character.cpp,0x8100e0,CCharacter::isImmobile(),MATCH,MISSING,Character.h,recovered-pass10/snippets/character.cpp/0x8100e0.cpp
character.cpp,0x810720,CCharacter::forceDisplayOfDamageAbsorbed(),MATCH,MISSING,Character.h,recovered-pass10/snippets/character.cpp/0x810720.cpp
character.cpp,0x811af0,CCharacter::updateSkill(float),MATCH,MISSING,Character.h;Inventory.h,recovered-pass10/snippets/character.cpp/0x811af0.cpp
character.cpp,0x817500,CCharacter::destroyIcons(),MATCH,MISSING,Character.h;Inventory.h,recovered-pass10/snippets/character.cpp/0x817500.cpp
character.cpp,0x8133f0,CCharacter::toggleSecondaryWeaponSet(),MATCH,MISSING,Character.h;Inventory.h,recovered-pass10/snippets/character.cpp/0x8133f0.cpp
character.cpp,0x8136f0,"CCharacter::getEffectValueWithoutInventory(EEFFECT_TYPE, EDAMAGE_TYPES)",MATCH,MISSING,Character.h;EffectManager.h,recovered-pass10/snippets/character.cpp/0x8136f0.cpp
character.cpp,0x8146e0,CCharacter::minimumAC(),MATCH,MISSING,Character.h,recovered-pass10/snippets/character.cpp/0x8146e0.cpp
character.cpp,0x825f70,CCharacter::clearAllUnitReferences(),MATCH,MISSING,Character.h,recovered-pass10/snippets/character.cpp/0x825f70.cpp
character.cpp,0x8276f0,CCharacter::facingTarget(),MATCH,MISSING,Character.h,recovered-pass10/snippets/character.cpp/0x8276f0.cpp
character.cpp,0x80e8b0,CCharacter::stopPathing(),MATCH,MISSING,Character.h;GenericModel.h,recovered-pass10/snippets/character.cpp/0x80e8b0.cpp
character.cpp,0x816de0,CCharacter::hideCharacterText(),MATCH,MISSING,Character.h;CEGUIWindow.h,recovered-pass10/snippets/character.cpp/0x816de0.cpp
character.cpp,0x816e20,CCharacter::showCharacterText(),MATCH,MISSING,Character.h;CEGUIWindow.h,recovered-pass10/snippets/character.cpp/0x816e20.cpp
Skill.cpp,0xc9cc30,CSkill::getSkillRequiredForInvestment(),MATCH,,Skill.h;SkillProperty.h;EmptyStrings.h,recovered-pass10/snippets/Skill.cpp/0xc9cc30.cpp
Skill.cpp,0xc9cd40,CSkill::getCanStop(),MATCH,,Skill.h;SkillProperty.h;EmptyStrings.h,recovered-pass10/snippets/Skill.cpp/0xc9cd40.cpp
Skill.cpp,0xc9cd70,CSkill::getIsExclusive(),MATCH,,Skill.h;SkillProperty.h;EmptyStrings.h,recovered-pass10/snippets/Skill.cpp/0xc9cd70.cpp
Skill.cpp,0xc9cdd0,CSkill::getCanBeInterrupted(),MATCH,,Skill.h;SkillProperty.h;EmptyStrings.h,recovered-pass10/snippets/Skill.cpp/0xc9cdd0.cpp
Skill.cpp,0xc9cd90,CSkill::getManaCost(),MATCH,,Skill.h;SkillProperty.h;EmptyStrings.h,recovered-pass10/snippets/Skill.cpp/0xc9cd90.cpp
Skill.cpp,0xc9cdf0,CSkill::getManaCostOT(),MATCH,,Skill.h;SkillProperty.h;EmptyStrings.h,recovered-pass10/snippets/Skill.cpp/0xc9cdf0.cpp
Skill.cpp,0xc9cdb0,CSkill::getRequiresPathable(),MATCH,,Skill.h;SkillProperty.h;EmptyStrings.h,recovered-pass10/snippets/Skill.cpp/0xc9cdb0.cpp
Skill.cpp,0xc9ce10,CSkill::getSkillIcon(),MATCH,,Skill.h;SkillProperty.h;EmptyStrings.h,recovered-pass10/snippets/Skill.cpp/0xc9ce10.cpp
Skill.cpp,0xc9ce30,CSkill::getSkillIconInactive(),MATCH,,Skill.h;SkillProperty.h;EmptyStrings.h,recovered-pass10/snippets/Skill.cpp/0xc9ce30.cpp
Skill.cpp,0xc9ce50,CSkill::getName(),MATCH,,Skill.h;SkillProperty.h;EmptyStrings.h,recovered-pass10/snippets/Skill.cpp/0xc9ce50.cpp
Skill.cpp,0xc9ce70,CSkill::getSkillUsageDescription(),MATCH,,Skill.h;SkillProperty.h;EmptyStrings.h,recovered-pass10/snippets/Skill.cpp/0xc9ce70.cpp
Skill.cpp,0xc9ce90,CSkill::getDisplayName(),MATCH,,Skill.h;SkillProperty.h;EmptyStrings.h,recovered-pass10/snippets/Skill.cpp/0xc9ce90.cpp
Skill.cpp,0xc9ceb0,CSkill::getAnimationIndex(),MATCH,,Skill.h;SkillProperty.h;EmptyStrings.h,recovered-pass10/snippets/Skill.cpp/0xc9ceb0.cpp
Skill.cpp,0xc9ced0,CSkill::getAnimationIndexDW(),MATCH,,Skill.h;SkillProperty.h;EmptyStrings.h,recovered-pass10/snippets/Skill.cpp/0xc9ced0.cpp
Skill.cpp,0xc9cef0,CSkill::getAnimationIndexLoopInto(),MATCH,,Skill.h;SkillProperty.h;EmptyStrings.h,recovered-pass10/snippets/Skill.cpp/0xc9cef0.cpp
Skill.cpp,0xc9cf10,CSkill::getAnimationIndexLoopEnd(),MATCH,,Skill.h;SkillProperty.h;EmptyStrings.h,recovered-pass10/snippets/Skill.cpp/0xc9cf10.cpp
Skill.cpp,0xc9cf50,CSkill::getAnimationIndexDWLoopInto(),MATCH,,Skill.h;SkillProperty.h;EmptyStrings.h,recovered-pass10/snippets/Skill.cpp/0xc9cf50.cpp
Skill.cpp,0xc9cf30,CSkill::getChanceToCast(),MATCH,,Skill.h;SkillProperty.h;EmptyStrings.h,recovered-pass10/snippets/Skill.cpp/0xc9cf30.cpp
Skill.cpp,0xc9cf70,CSkill::getAnimationSpeedMult(),MATCH,,Skill.h;SkillProperty.h;EmptyStrings.h,recovered-pass10/snippets/Skill.cpp/0xc9cf70.cpp
Skill.cpp,0xc9cfa0,CSkill::getFindTargetAngle(),MATCH,,Skill.h;SkillProperty.h;EmptyStrings.h,recovered-pass10/snippets/Skill.cpp/0xc9cfa0.cpp
Skill.cpp,0xc9cfc0,CSkill::getRange(),MATCH,,Skill.h;SkillProperty.h;EmptyStrings.h,recovered-pass10/snippets/Skill.cpp/0xc9cfc0.cpp
Skill.cpp,0xc9cff0,CSkill::getRangeMin(),MATCH,,Skill.h;SkillProperty.h;EmptyStrings.h,recovered-pass10/snippets/Skill.cpp/0xc9cff0.cpp
Skill.cpp,0xc9d010,CSkill::getRandomRange(),MATCH,,Skill.h;SkillProperty.h;EmptyStrings.h,recovered-pass10/snippets/Skill.cpp/0xc9d010.cpp
Skill.cpp,0xc9d040,CSkill::getRandomRangeMin(),MATCH,,Skill.h;SkillProperty.h;EmptyStrings.h,recovered-pass10/snippets/Skill.cpp/0xc9d040.cpp
Skill.cpp,0xc9d060,CSkill::getMinimumTime(),MATCH,,Skill.h;SkillProperty.h;EmptyStrings.h,recovered-pass10/snippets/Skill.cpp/0xc9d060.cpp
Skill.cpp,0xc9d0d0,CSkill::getMasterOwner(),MATCH,,Skill.h;SkillProperty.h;EmptyStrings.h;SkillManager.h;BaseUnit.h,recovered-pass10/snippets/Skill.cpp/0xc9d0d0.cpp
Skill.cpp,0xc9d160,CSkill::getOwnerCharacter(),MATCH,,Skill.h;SkillProperty.h;EmptyStrings.h;BaseUnit.h;Character.h,recovered-pass10/snippets/Skill.cpp/0xc9d160.cpp
Skill.cpp,0xc9d190,"CSkill::canAffixesAndEffectsBeAppliedToUnit(CBaseUnit*, CCharacter*)",MATCH,,Skill.h;SkillProperty.h;EmptyStrings.h,recovered-pass10/snippets/Skill.cpp/0xc9d190.cpp
Skill.cpp,0xc9d220,CSkill::getCoolDown(),MATCH,,Skill.h;SkillProperty.h;EmptyStrings.h,recovered-pass10/snippets/Skill.cpp/0xc9d220.cpp
Skill.cpp,0xc9d3c0,CSkill::getMaximumDamage(),MATCH,,Skill.h;SkillProperty.h;EmptyStrings.h;math.h,recovered-pass10/snippets/Skill.cpp/0xc9d3c0.cpp
Skill.cpp,0xc9d420,CSkill::getMinimumDamage(),MATCH,,Skill.h;SkillProperty.h;EmptyStrings.h;math.h,recovered-pass10/snippets/Skill.cpp/0xc9d420.cpp
Skill.cpp,0xc9db10,CSkill::rollCancelChance(),MATCH,,Skill.h;SkillProperty.h;EmptyStrings.h;Utilities.h,recovered-pass10/snippets/Skill.cpp/0xc9db10.cpp
Skill.cpp,0xc9db40,CSkill::rollCastChance(),MATCH,,Skill.h;SkillProperty.h;EmptyStrings.h;Utilities.h,recovered-pass10/snippets/Skill.cpp/0xc9db40.cpp
Skill.cpp,0xc9d0f0,"CSkill::fillOutStatBonuses(float (&) [6], bool, unsigned int)",MATCH,,Skill.h;SkillProperty.h;EmptyStrings.h,recovered-pass10/snippets/Skill.cpp/0xc9d0f0.cpp
gameui.cpp,0xa828f0,"CGameUI::requestSetGameState(EGameState, EMenu)",MATCH,MISSING,GameUI.h,recovered-pass10/snippets/gameui.cpp/0xa828f0.cpp
gameui.cpp,0xa82900,CGameUI::clearGameStateRequest(),MATCH,MISSING,GameUI.h,recovered-pass10/snippets/gameui.cpp/0xa82900.cpp
gameui.cpp,0xa82920,CGameUI::statsChanged(),MATCH,MISSING,GameUI.h;SubMenu.h,recovered-pass10/snippets/gameui.cpp/0xa82920.cpp
gameui.cpp,0xa82950,CGameUI::getDieMenuIsOpen(),MATCH,MISSING,GameUI.h;DropdownMenu.h,recovered-pass10/snippets/gameui.cpp/0xa82950.cpp
gameui.cpp,0xa82a50,CGameUI::questDialogOpen(),MATCH,MISSING,GameUI.h;DropdownMenu.h,recovered-pass10/snippets/gameui.cpp/0xa82a50.cpp
gameui.cpp,0xa83520,CGameUI::isCinematicMenuOpen(),MATCH,MISSING,GameUI.h;DropdownMenu.h,recovered-pass10/snippets/gameui.cpp/0xa83520.cpp
gameui.cpp,0xa82980,CGameUI::hideModalDialogs(),MATCH,MISSING,GameUI.h;DropdownMenu.h,recovered-pass10/snippets/gameui.cpp/0xa82980.cpp
gameui.cpp,0xa829d0,CGameUI::tipMenuOpen(),MATCH,MISSING,GameUI.h;DropdownMenu.h,recovered-pass10/snippets/gameui.cpp/0xa829d0.cpp
gameui.cpp,0xa829f0,CGameUI::modalDialogOpen(),MATCH,MISSING,GameUI.h;DropdownMenu.h,recovered-pass10/snippets/gameui.cpp/0xa829f0.cpp
gameui.cpp,0xa82a80,CGameUI::modalDialogOpenPartial(),MATCH,MISSING,GameUI.h;DropdownMenu.h,recovered-pass10/snippets/gameui.cpp/0xa82a80.cpp
gameui.cpp,0xa82c00,CGameUI::eitherCoveredPartial(),MATCH,MISSING,GameUI.h;SubMenu.h,recovered-pass10/snippets/gameui.cpp/0xa82c00.cpp
gameui.cpp,0xa82c80,CGameUI::leftCovered(),MATCH,MISSING,GameUI.h;SubMenu.h,recovered-pass10/snippets/gameui.cpp/0xa82c80.cpp
gameui.cpp,0xa82d10,CGameUI::rightCovered(),MATCH,MISSING,GameUI.h;SubMenu.h,recovered-pass10/snippets/gameui.cpp/0xa82d10.cpp
gameui.cpp,0xa82da0,CGameUI::bothCovered(),MATCH,MISSING,GameUI.h,recovered-pass10/snippets/gameui.cpp/0xa82da0.cpp
gameui.cpp,0xa82f10,CGameUI::toggleStatFill(),MATCH,MISSING,GameUI.h,recovered-pass10/snippets/gameui.cpp/0xa82f10.cpp
gameui.cpp,0xa832f0,CGameUI::getMouseOverItem(),MATCH,MISSING,GameUI.h,recovered-pass10/snippets/gameui.cpp/0xa832f0.cpp
gameui.cpp,0xa833a0,CGameUI::flushProcessInput(),MATCH,MISSING,GameUI.h,recovered-pass10/snippets/gameui.cpp/0xa833a0.cpp
gameui.cpp,0xa833d0,CGameUI::closeLeft(),MATCH,MISSING,GameUI.h;SubMenu.h,recovered-pass10/snippets/gameui.cpp/0xa833d0.cpp
gameui.cpp,0xa83450,CGameUI::closeRight(),MATCH,MISSING,GameUI.h;SubMenu.h,recovered-pass10/snippets/gameui.cpp/0xa83450.cpp
gameui.cpp,0xa834d0,CGameUI::refreshQuestMenu(),MATCH,MISSING,GameUI.h;SubMenu.h,recovered-pass10/snippets/gameui.cpp/0xa834d0.cpp
gameui.cpp,0xa83550,CGameUI::closeCinematicMenu(),MATCH,MISSING,GameUI.h;DropdownMenu.h,recovered-pass10/snippets/gameui.cpp/0xa83550.cpp
gameui.cpp,0xa83670,CGameUI::clickLeft(),MATCH,MISSING,GameUI.h,recovered-pass10/snippets/gameui.cpp/0xa83670.cpp
gameui.cpp,0xa83680,CGameUI::handle_MouseOut(CEGUI::EventArgs const&),MATCH,MISSING,GameUI.h,recovered-pass10/snippets/gameui.cpp/0xa83680.cpp
gameui.cpp,0xa83790,"CGameUI::removeMenuListener(EMENU_TYPE, iMenuListener*)",MATCH,MISSING,GameUI.h;DropdownMenu.h,recovered-pass10/snippets/gameui.cpp/0xa83790.cpp
gameui.cpp,0xa838e0,CGameUI::getWindowHeight(),MATCH,MISSING,GameUI.h;DynamicPropertyFile.h;Settings.h,recovered-pass10/snippets/gameui.cpp/0xa838e0.cpp
gameui.cpp,0xa83900,CGameUI::getWindowWidth(),MATCH,MISSING,GameUI.h;DynamicPropertyFile.h;Settings.h,recovered-pass10/snippets/gameui.cpp/0xa83900.cpp
gameui.cpp,0xa83ad0,CGameUI::getAspectRatio(),MATCH,MISSING,GameUI.h,recovered-pass10/snippets/gameui.cpp/0xa83ad0.cpp
gameui.cpp,0xa83e00,CGameUI::setCursorState(ECursorState),MATCH,MISSING,GameUI.h,recovered-pass10/snippets/gameui.cpp/0xa83e00.cpp
gameui.cpp,0xa83e70,CGameUI::scaledY(float),MATCH,MISSING,GameUI.h;DynamicPropertyFile.h;Settings.h,recovered-pass10/snippets/gameui.cpp/0xa83e70.cpp
gameui.cpp,0xa83ea0,CGameUI::scaledX(float),MATCH,MISSING,GameUI.h;DynamicPropertyFile.h;Settings.h,recovered-pass10/snippets/gameui.cpp/0xa83ea0.cpp
gameui.cpp,0xa84140,CGameUI::getConsoleIsOpen(),MATCH,MISSING,GameUI.h;Console.h,recovered-pass10/snippets/gameui.cpp/0xa84140.cpp
gameui.cpp,0xa84230,CGameUI::captureProcessInput(),MATCH,MISSING,GameUI.h,recovered-pass10/snippets/gameui.cpp/0xa84230.cpp
gameui.cpp,0xa84250,CGameUI::setRightButtonPressed(),MATCH,MISSING,GameUI.h,recovered-pass10/snippets/gameui.cpp/0xa84250.cpp
gameui.cpp,0xa84270,CGameUI::flushInput(),MATCH,MISSING,GameUI.h,recovered-pass10/snippets/gameui.cpp/0xa84270.cpp
gameui.cpp,0xa84c80,CGameUI::setActiveMenu(EMenu),MATCH,MISSING,GameUI.h;MenuManager.h,recovered-pass10/snippets/gameui.cpp/0xa84c80.cpp
gameui.cpp,0xa84d40,CGameUI::reloadMenuCharacters(),MATCH,MISSING,GameUI.h;MenuManager.h,recovered-pass10/snippets/gameui.cpp/0xa84d40.cpp
gameui.cpp,0xa84c20,CGameUI::closeMenus(),MATCH,MISSING,GameUI.h;MenuManager.h,recovered-pass10/snippets/gameui.cpp/0xa84c20.cpp
gameui.cpp,0xa8e440,CGameUI::unPause(),MATCH,MISSING,GameUI.h,recovered-pass10/snippets/gameui.cpp/0xa8e440.cpp
dynamicline.cpp,0x86b200,CDynamicLine::setOperationType(Ogre::RenderOperation::OperationType),MATCH,,DynamicLine.h,recovered-pass10/snippets/dynamicline.cpp/0x86b200.cpp
dynamicline.cpp,0x86b210,CDynamicLine::getOperationType() const,MATCH,,DynamicLine.h,recovered-pass10/snippets/dynamicline.cpp/0x86b210.cpp
dynamicline.cpp,0x86b220,CDynamicLine::getPoint(unsigned short) const,MATCH,,DynamicLine.h,recovered-pass10/snippets/dynamicline.cpp/0x86b220.cpp
dynamicline.cpp,0x86b240,CDynamicLine::getNumPoints() const,MATCH,,DynamicLine.h,recovered-pass10/snippets/dynamicline.cpp/0x86b240.cpp
dynamicline.cpp,0x86b270,"CDynamicLine::setPoint(unsigned short, Ogre::Vector3 const&)",MATCH,,DynamicLine.h,recovered-pass10/snippets/dynamicline.cpp/0x86b270.cpp
dynamicline.cpp,0x86b2a0,CDynamicLine::clear(),MATCH,,DynamicLine.h,recovered-pass10/snippets/dynamicline.cpp/0x86b2a0.cpp
dynamicline.cpp,0x86b2c0,CDynamicLine::update(),MATCH,,DynamicLine.h,recovered-pass10/snippets/dynamicline.cpp/0x86b2c0.cpp
dynamicline.cpp,0x86b2e0,CDynamicLine::createVertexDeclaration(),MATCH,,DynamicLine.h,recovered-pass10/snippets/dynamicline.cpp/0x86b2e0.cpp
dynamicline.cpp,0x86b380,"CDynamicLine::addPoint(float, float, float)",MATCH,,DynamicLine.h,recovered-pass10/snippets/dynamicline.cpp/0x86b380.cpp
dynamicline.cpp,0x86b400,CDynamicLine::addPoint(Ogre::Vector3 const&),MATCH,,DynamicLine.h,recovered-pass10/snippets/dynamicline.cpp/0x86b400.cpp
WeaponTrail.cpp,0xa49ef0,CWeaponTrail::clear(),MATCH,,WeaponTrail.h,recovered-pass10/snippets/WeaponTrail.cpp/0xa49ef0.cpp
WeaponTrail.cpp,0xa49f00,CWeaponTrail::setVisible(bool),MATCH,,WeaponTrail.h,recovered-pass10/snippets/WeaponTrail.cpp/0xa49f00.cpp
WeaponTrail.cpp,0xa49f70,CWeaponTrail::setWeaponEntity(Ogre::Entity*),MATCH,,WeaponTrail.h,recovered-pass10/snippets/WeaponTrail.cpp/0xa49f70.cpp
WeaponTrail.cpp,0xa49fb0,CWeaponTrail::setWeaponNode(Ogre::Node*),MATCH,,WeaponTrail.h,recovered-pass10/snippets/WeaponTrail.cpp/0xa49fb0.cpp
WeaponTrail.cpp,0xa49fc0,CWeaponTrail::setSegmentStartInitialColourValue(Ogre::ColourValue const&),MATCH,,WeaponTrail.h,recovered-pass10/snippets/WeaponTrail.cpp/0xa49fc0.cpp
WeaponTrail.cpp,0xa49fd0,CWeaponTrail::getSegmentStartInitialColourValue() const,MATCH,,WeaponTrail.h,recovered-pass10/snippets/WeaponTrail.cpp/0xa49fd0.cpp
WeaponTrail.cpp,0xa49fe0,CWeaponTrail::setSegmentEndInitialColourValue(Ogre::ColourValue const&),MATCH,,WeaponTrail.h,recovered-pass10/snippets/WeaponTrail.cpp/0xa49fe0.cpp
WeaponTrail.cpp,0xa49ff0,CWeaponTrail::getSegmentEndInitialColourValue() const,MATCH,,WeaponTrail.h,recovered-pass10/snippets/WeaponTrail.cpp/0xa49ff0.cpp
WeaponTrail.cpp,0xa4a000,CWeaponTrail::isActive() const,MATCH,,WeaponTrail.h,recovered-pass10/snippets/WeaponTrail.cpp/0xa4a000.cpp
WeaponTrail.cpp,0xa4a010,CWeaponTrail::isVisible() const,MATCH,,WeaponTrail.h,recovered-pass10/snippets/WeaponTrail.cpp/0xa4a010.cpp
WeaponTrail.cpp,0xa4a090,"CWeaponTrail::setMaterialName(std::basic_string<char, std::char_traits<char>, std::allocator<char> > const&)",MATCH,,WeaponTrail.h,recovered-pass10/snippets/WeaponTrail.cpp/0xa4a090.cpp
Editor.cpp,0x70d5d0,CEditor::SetMouseWheelDelta(int),MATCH,,Editor.h;EditorObjectManager.h;POV.h;Undo.h,recovered-pass10/snippets/Editor.cpp/0x70d5d0.cpp
Editor.cpp,0x70d5e0,CEditor::SetPovVelocityMult(float),MATCH,,Editor.h;EditorObjectManager.h;POV.h;Undo.h,recovered-pass10/snippets/Editor.cpp/0x70d5e0.cpp
Editor.cpp,0x70d600,CEditor::SetRenderWindowHasFocus(bool),MATCH,,Editor.h;EditorObjectManager.h;POV.h;Undo.h,recovered-pass10/snippets/Editor.cpp/0x70d600.cpp
Editor.cpp,0x70d620,CEditor::GetEditorScene(unsigned int),MATCH,,Editor.h;EditorObjectManager.h;POV.h;Undo.h,recovered-pass10/snippets/Editor.cpp/0x70d620.cpp
Editor.cpp,0x70d690,CEditor::getUndoSize(),MATCH,,Editor.h;EditorObjectManager.h;POV.h;Undo.h,recovered-pass10/snippets/Editor.cpp/0x70d690.cpp
Editor.cpp,0x70d7e0,CEditor::doUndo(),MATCH,,Editor.h;EditorObjectManager.h;POV.h;Undo.h,recovered-pass10/snippets/Editor.cpp/0x70d7e0.cpp
Editor.cpp,0x70d6c0,CEditor::getRedoSize(),MATCH,,Editor.h;EditorObjectManager.h;POV.h;Undo.h,recovered-pass10/snippets/Editor.cpp/0x70d6c0.cpp
Editor.cpp,0x70d770,CEditor::doRedo(),MATCH,,Editor.h;EditorObjectManager.h;POV.h;Undo.h,recovered-pass10/snippets/Editor.cpp/0x70d770.cpp
Editor.cpp,0x70d6f0,CEditor::deleteAllUndos(),MATCH,,Editor.h;EditorObjectManager.h;POV.h;Undo.h,recovered-pass10/snippets/Editor.cpp/0x70d6f0.cpp
Editor.cpp,0x70d940,"CEditor::FlyToPositionLookingAtPos(Ogre::Vector3, Ogre::Vector3)",MATCH,,Editor.h;EditorObjectManager.h;POV.h;Undo.h,recovered-pass10/snippets/Editor.cpp/0x70d940.cpp
Editor.cpp,0x70df10,"CEditor::keyEvent(unsigned int, unsigned int)",MATCH,,Editor.h;EditorObjectManager.h;POV.h;Undo.h,recovered-pass10/snippets/Editor.cpp/0x70df10.cpp
Editor.cpp,0x70def0,"CEditor::mouseEvent(unsigned int, unsigned int)",MATCH,,Editor.h;EditorObjectManager.h;POV.h;Undo.h,recovered-pass10/snippets/Editor.cpp/0x70def0.cpp
gameui.cpp,0xa836c0,CGameUI::handle_SkillMouseOut(CEGUI::EventArgs const&),MATCH,MISSING,GameUI.h;CEGUIWindow.h,recovered-pass10/snippets/gameui.cpp/0xa836c0.cpp
gameui.cpp,0xa83700,CGameUI::handle_SkillSelectMouseOut(CEGUI::EventArgs const&),MATCH,MISSING,GameUI.h;CEGUIWindow.h,recovered-pass10/snippets/gameui.cpp/0xa83700.cpp
EditorDLL.cpp,0x722ab0,EditorSetPOVVelocityMult(float),MATCH,,Editor.h;EditorObjectManager.h,recovered-pass10/snippets/EditorDLL.cpp/0x722ab0.cpp
EditorDLL.cpp,0x724a30,EditorSetMouseWheelDelta(int),MATCH,,Editor.h;EditorObjectManager.h,recovered-pass10/snippets/EditorDLL.cpp/0x724a30.cpp
EditorDLL.cpp,0x723eb0,EditorRedo(),MATCH,,Editor.h;EditorObjectManager.h,recovered-pass10/snippets/EditorDLL.cpp/0x723eb0.cpp
EditorDLL.cpp,0x723ee0,EditorUndo(),MATCH,,Editor.h;EditorObjectManager.h,recovered-pass10/snippets/EditorDLL.cpp/0x723ee0.cpp
EditorDLL.cpp,0x725310,EditorWindowHasFocus(bool),MATCH,,Editor.h;EditorObjectManager.h,recovered-pass10/snippets/EditorDLL.cpp/0x725310.cpp
EditorDLL.cpp,0x723480,EditorDeleteAllUndos(),MATCH,,Editor.h;EditorObjectManager.h,recovered-pass10/snippets/EditorDLL.cpp/0x723480.cpp
EditorDLL.cpp,0x723e60,"EditorGetUndoRedoCounts(unsigned int&, unsigned int&)",MATCH,,Editor.h;EditorObjectManager.h,recovered-pass10/snippets/EditorDLL.cpp/0x723e60.cpp
EditorDLL.cpp,0x724b20,EditorSetChunkTemplateExits(int),MATCH,,Editor.h;EditorObjectManager.h,recovered-pass10/snippets/EditorDLL.cpp/0x724b20.cpp
EditorDLL.cpp,0x724af0,"EditorSetChunkTemplateExit(int, float, float, float)",MATCH,,Editor.h;EditorObjectManager.h,recovered-pass10/snippets/EditorDLL.cpp/0x724af0.cpp
EditorDLL.cpp,0x722ae0,"EditorResetCamera(float, float, float)",MATCH,,Editor.h;EditorObjectManager.h,recovered-pass10/snippets/EditorDLL.cpp/0x722ae0.cpp
EditorDLL.cpp,0x724460,reloadRecipes(),MATCH,,Editor.h;EditorObjectManager.h;Recipes.h,recovered-pass10/snippets/EditorDLL.cpp/0x724460.cpp
EditorDLL.cpp,0x724540,reloadUnitThemes(),MATCH,,Editor.h;EditorObjectManager.h;UnitThemes.h,recovered-pass10/snippets/EditorDLL.cpp/0x724540.cpp
EditorDLL.cpp,0x724580,reloadQuests(),MATCH,,Editor.h;EditorObjectManager.h;QuestManager.h,recovered-pass10/snippets/EditorDLL.cpp/0x724580.cpp
EditorDLL.cpp,0x724620,reloadModFileFilter(),MATCH,,Editor.h;EditorObjectManager.h;FileSystem.h,recovered-pass10/snippets/EditorDLL.cpp/0x724620.cpp
EditorDLL.cpp,0x724770,reloadMissiles(),MATCH,,Editor.h;EditorObjectManager.h;MissilePreloader.h,recovered-pass10/snippets/EditorDLL.cpp/0x724770.cpp
EditorDLL.cpp,0x7247b0,reloadCinematics(),MATCH,,Editor.h;EditorObjectManager.h;Cinematics.h,recovered-pass10/snippets/EditorDLL.cpp/0x7247b0.cpp
EditorDLL.cpp,0x7247f0,reloadAffixes(),MATCH,,Editor.h;EditorObjectManager.h;MasterResourceManager.h;EffectGroupManager.h,recovered-pass10/snippets/EditorDLL.cpp/0x7247f0.cpp
EditorDLL.cpp,0x723490,EditorDeleteAllObjectsInScene(unsigned int),MATCH,,Editor.h;EditorObjectManager.h,recovered-pass10/snippets/EditorDLL.cpp/0x723490.cpp
EditorDLL.cpp,0x722c50,EditorSetMonsterAutoSpawn(wchar_t*),MATCH,,Editor.h;EditorObjectManager.h,recovered-pass10/snippets/EditorDLL.cpp/0x722c50.cpp
Inventory.cpp,0x91af30,CInventory::refreshEquipped(),MATCH,MISSING,Inventory.h;Equipment.h,recovered-pass10/snippets/Inventory.cpp/0x91af30.cpp
Inventory.cpp,0x91af80,CInventory::removeListener(iInventoryListener*),MATCH,MISSING,Inventory.h;Equipment.h,recovered-pass10/snippets/Inventory.cpp/0x91af80.cpp
Inventory.cpp,0x91b220,CInventory::isEquipmentInInventory(CEquipment*),MATCH,MISSING,Inventory.h;Equipment.h,recovered-pass10/snippets/Inventory.cpp/0x91b220.cpp
Inventory.cpp,0x91b340,CInventory::getEquipmentInSlot(unsigned int),MATCH,MISSING,Inventory.h;Equipment.h,recovered-pass10/snippets/Inventory.cpp/0x91b340.cpp
Inventory.cpp,0x91b3a0,CInventory::getEquipmentRefInSlot(unsigned int),MATCH,MISSING,Inventory.h;Equipment.h,recovered-pass10/snippets/Inventory.cpp/0x91b3a0.cpp
Inventory.cpp,0x91b780,CInventory::getStackSizeOfEquipment(CEquipment*),MATCH,MISSING,Inventory.h;Equipment.h,recovered-pass10/snippets/Inventory.cpp/0x91b780.cpp
Inventory.cpp,0x91b790,CInventory::getMaxStackSizeOfEquipment(CEquipment*),MATCH,MISSING,Inventory.h;Equipment.h,recovered-pass10/snippets/Inventory.cpp/0x91b790.cpp
Inventory.cpp,0x91b850,"CInventory::canUseEquipment(CEquipment*, CCharacter*)",MATCH,MISSING,Inventory.h;Equipment.h,recovered-pass10/snippets/Inventory.cpp/0x91b850.cpp
Inventory.cpp,0x91b130,CInventory::itemsInPane(EINVENTORY_PANES),MATCH,MISSING,Inventory.h;Equipment.h,recovered-pass10/snippets/Inventory.cpp/0x91b130.cpp
AnimationSet.cpp,0xa4db50,CAnimationSet::clear(),MATCH,MISSING,AnimationSet.h;Keyframe.h,recovered-pass10/snippets/AnimationSet.cpp/0xa4db50.cpp
genericmodel.cpp,0x899e50,"CGenericModel::findKey(int, CKeyframe*)",MATCH,,GenericModel.h;Keyframe.h;EmptyStrings.h;OgreEntity.h;OgreMaterial.h;MasterResourceManager.h;Settings.h;StringUtilities.h,recovered-pass10/snippets/genericmodel.cpp/0x899e50.cpp
genericmodel.cpp,0x899eb0,"CGenericModel::getValueIndexes(int, CKeyframe*)",MATCH,,GenericModel.h;Keyframe.h;EmptyStrings.h;OgreEntity.h;OgreMaterial.h;MasterResourceManager.h;Settings.h;StringUtilities.h,recovered-pass10/snippets/genericmodel.cpp/0x899eb0.cpp
genericmodel.cpp,0x899f00,CGenericModel::getAnimationCount() const,MATCH,,GenericModel.h;Keyframe.h;EmptyStrings.h;OgreEntity.h;OgreMaterial.h;MasterResourceManager.h;Settings.h;StringUtilities.h,recovered-pass10/snippets/genericmodel.cpp/0x899f00.cpp
genericmodel.cpp,0x899f20,CGenericModel::getAnimationName(unsigned int) const,MATCH,,GenericModel.h;Keyframe.h;EmptyStrings.h;OgreEntity.h;OgreMaterial.h;MasterResourceManager.h;Settings.h;StringUtilities.h,recovered-pass10/snippets/genericmodel.cpp/0x899f20.cpp
genericmodel.cpp,0x899f40,CGenericModel::getKeyCount(unsigned int),MATCH,,GenericModel.h;Keyframe.h;EmptyStrings.h;OgreEntity.h;OgreMaterial.h;MasterResourceManager.h;Settings.h;StringUtilities.h,recovered-pass10/snippets/genericmodel.cpp/0x899f40.cpp
genericmodel.cpp,0x899f90,"CGenericModel::getKeyFrame(unsigned int, unsigned int)",MATCH,,GenericModel.h;Keyframe.h;EmptyStrings.h;OgreEntity.h;OgreMaterial.h;MasterResourceManager.h;Settings.h;StringUtilities.h,recovered-pass10/snippets/genericmodel.cpp/0x899f90.cpp
genericmodel.cpp,0x89a0e0,CGenericModel::getName(),MATCH,,GenericModel.h;Keyframe.h;EmptyStrings.h;OgreEntity.h;OgreMaterial.h;MasterResourceManager.h;Settings.h;StringUtilities.h,recovered-pass10/snippets/genericmodel.cpp/0x89a0e0.cpp
genericmodel.cpp,0x89abb0,CGenericModel::getAnimationLength(int) const,MATCH,,GenericModel.h;Keyframe.h;EmptyStrings.h;OgreEntity.h;OgreMaterial.h;MasterResourceManager.h;Settings.h;StringUtilities.h,recovered-pass10/snippets/genericmodel.cpp/0x89abb0.cpp
genericmodel.cpp,0x8a15b0,CGenericModel::activeAnimations() const,MATCH,,GenericModel.h;Keyframe.h;EmptyStrings.h;OgreEntity.h;OgreMaterial.h;MasterResourceManager.h;Settings.h;StringUtilities.h,recovered-pass10/snippets/genericmodel.cpp/0x8a15b0.cpp
genericmodel.cpp,0x8a5530,"CGenericModel::animationQueued(std::basic_string<char, std::char_traits<char>, std::allocator<char> > const&) const",MATCH,,GenericModel.h,recovered-pass10/snippets/genericmodel.cpp/0x8a5530.cpp
genericmodel.cpp,0x8a7860,"CGenericModel::animationPlaying(std::basic_string<char, std::char_traits<char>, std::allocator<char> > const&) const",MATCH,,GenericModel.h,recovered-pass10/snippets/genericmodel.cpp/0x8a7860.cpp
genericmodel.cpp,0x8a42c0,"CGenericModel::queueBlendAnimation(std::basic_string<char, std::char_traits<char>, std::allocator<char> > const&, bool, float, float)",MATCH,,GenericModel.h,recovered-pass10/snippets/genericmodel.cpp/0x8a42c0.cpp
genericmodel.cpp,0x89a000,CGenericModel::setHighlighted(bool),MATCH,,GenericModel.h;Keyframe.h;EmptyStrings.h;OgreEntity.h;OgreMaterial.h;MasterResourceManager.h;Settings.h;StringUtilities.h,recovered-pass10/snippets/genericmodel.cpp/0x89a000.cpp
genericmodel.cpp,0x89a1d0,CGenericModel::setRenderBehind(bool),MATCH,,GenericModel.h;Keyframe.h;EmptyStrings.h;OgreEntity.h;OgreMaterial.h;MasterResourceManager.h;Settings.h;StringUtilities.h,recovered-pass10/snippets/genericmodel.cpp/0x89a1d0.cpp
genericmodel.cpp,0x89aef0,CGenericModel::setAmbient(Ogre::ColourValue&),MATCH,,GenericModel.h;Keyframe.h;EmptyStrings.h;OgreEntity.h;OgreMaterial.h;MasterResourceManager.h;Settings.h;StringUtilities.h,recovered-pass10/snippets/genericmodel.cpp/0x89aef0.cpp
gameclient.cpp,0x56e110,CGameClient::destroyGameUI(),MATCH,,GameClient.h;GameUI.h;Player.h;Item.h;StringUtilities.h;OgrePass.h;OgreSceneManager.h;OgreRenderQueue.h,recovered-pass10/snippets/gameclient.cpp/0x56e110.cpp
gameclient.cpp,0x56e140,"CGameClient::updateScreenInfo(void*, int, int)",MATCH,,GameClient.h;GameUI.h;Player.h;Item.h;StringUtilities.h;OgrePass.h;OgreSceneManager.h;OgreRenderQueue.h,recovered-pass10/snippets/gameclient.cpp/0x56e140.cpp
gameclient.cpp,0x56e160,CGameClient::handleFunctionKeys(),MATCH,,GameClient.h;GameUI.h;Player.h;Item.h;StringUtilities.h;OgrePass.h;OgreSceneManager.h;OgreRenderQueue.h,recovered-pass10/snippets/gameclient.cpp/0x56e160.cpp
gameclient.cpp,0x56e1b0,CGameClient::toggleLighting(bool),MATCH,,GameClient.h;GameUI.h;Player.h;Item.h;StringUtilities.h;OgrePass.h;OgreSceneManager.h;OgreRenderQueue.h,recovered-pass10/snippets/gameclient.cpp/0x56e1b0.cpp
gameclient.cpp,0x56e1c0,CGameClient::togglePlayerLight(),MATCH,,GameClient.h;GameUI.h;Player.h;Item.h;StringUtilities.h;OgrePass.h;OgreSceneManager.h;OgreRenderQueue.h,recovered-pass10/snippets/gameclient.cpp/0x56e1c0.cpp
gameclient.cpp,0x56e230,CGameClient::getPlayerIsCheat(),MATCH,,GameClient.h;GameUI.h;Player.h;Item.h;StringUtilities.h;OgrePass.h;OgreSceneManager.h;OgreRenderQueue.h,recovered-pass10/snippets/gameclient.cpp/0x56e230.cpp
gameclient.cpp,0x56e250,CGameClient::getPlayerClassName(),MATCH,,GameClient.h;GameUI.h;Player.h;Item.h;StringUtilities.h;OgrePass.h;OgreSceneManager.h;OgreRenderQueue.h,recovered-pass10/snippets/gameclient.cpp/0x56e250.cpp
gameclient.cpp,0x56e290,"CGameClient::setEditorCreationPet(std::basic_string<wchar_t, std::char_traits<wchar_t>, std::allocator<wchar_t> >)",MATCH,,GameClient.h;GameUI.h;Player.h;Item.h;StringUtilities.h;OgrePass.h;OgreSceneManager.h;OgreRenderQueue.h,recovered-pass10/snippets/gameclient.cpp/0x56e290.cpp
gameclient.cpp,0x56e2a0,"CGameClient::setEditorCreationClass(std::basic_string<wchar_t, std::char_traits<wchar_t>, std::allocator<wchar_t> >)",MATCH,,GameClient.h;GameUI.h;Player.h;Item.h;StringUtilities.h;OgrePass.h;OgreSceneManager.h;OgreRenderQueue.h,recovered-pass10/snippets/gameclient.cpp/0x56e2a0.cpp
gameclient.cpp,0x56e4d0,"CGameClient::processMenuInput(void*, float, bool)",MATCH,,GameClient.h;GameUI.h;Player.h;Item.h;StringUtilities.h;OgrePass.h;OgreSceneManager.h;OgreRenderQueue.h,recovered-pass10/snippets/gameclient.cpp/0x56e4d0.cpp
gameclient.cpp,0x56e740,CGameClient::notifyOfDeletion(CItem*),MATCH,,GameClient.h;GameUI.h;Player.h;Item.h;StringUtilities.h;OgrePass.h;OgreSceneManager.h;OgreRenderQueue.h,recovered-pass10/snippets/gameclient.cpp/0x56e740.cpp
gameclient.cpp,0x56e840,CGameClient::updateCursor(),MATCH,,GameClient.h;GameUI.h;Player.h;Item.h;StringUtilities.h;OgrePass.h;OgreSceneManager.h;OgreRenderQueue.h,recovered-pass10/snippets/gameclient.cpp/0x56e840.cpp
gameclient.cpp,0x56e860,CGameClient::reloadSoundBankData(),MATCH,,GameClient.h;GameUI.h;Player.h;Item.h;StringUtilities.h;OgrePass.h;OgreSceneManager.h;OgreRenderQueue.h,recovered-pass10/snippets/gameclient.cpp/0x56e860.cpp
gameclient.cpp,0x56e890,"CGameClient::questEventFire(EQUEST_EVENTS, CCharacter*, CBaseUnit*)",MATCH,,GameClient.h;GameUI.h;Player.h;Item.h;StringUtilities.h;OgrePass.h;OgreSceneManager.h;OgreRenderQueue.h,recovered-pass10/snippets/gameclient.cpp/0x56e890.cpp
gameclient.cpp,0x56e8b0,CGameClient::clearSceneManagerPassMaps(),MATCH,,GameClient.h;GameUI.h;Player.h;Item.h;StringUtilities.h;OgrePass.h;OgreSceneManager.h;OgreRenderQueue.h,recovered-pass10/snippets/gameclient.cpp/0x56e8b0.cpp
gameclient.cpp,0x56e600,"CGameClient::mouseEvent(unsigned int, unsigned int)",MATCH,,GameClient.h;GameUI.h;Player.h;Item.h;StringUtilities.h;OgrePass.h;OgreSceneManager.h;OgreRenderQueue.h,recovered-pass10/snippets/gameclient.cpp/0x56e600.cpp
gameclient.cpp,0x56e650,"CGameClient::keyEvent(unsigned int, unsigned int, long)",MATCH,,GameClient.h;GameUI.h;Player.h;Item.h;StringUtilities.h;OgrePass.h;OgreSceneManager.h;OgreRenderQueue.h,recovered-pass10/snippets/gameclient.cpp/0x56e650.cpp
gameclient.cpp,0x56e6a0,CGameClient::setWindowActive(bool),MATCH,,GameClient.h;GameUI.h;Player.h;Item.h;StringUtilities.h;OgrePass.h;OgreSceneManager.h;OgreRenderQueue.h,recovered-pass10/snippets/gameclient.cpp/0x56e6a0.cpp
gameclient.cpp,0x56e7c0,CGameClient::notifyOfDeletion(CCharacter*),MATCH,,GameClient.h;GameUI.h;Player.h;Item.h;StringUtilities.h;OgrePass.h;OgreSceneManager.h;OgreRenderQueue.h,recovered-pass10/snippets/gameclient.cpp/0x56e7c0.cpp
player.cpp,0x8e3e70,CPlayer::clearSkillMap(),MATCH,MISSING,Player.h;LevelState.h;SteamStats.h;GraphManager.h;Graph.h;cmath;OgreSceneNode.h,recovered-pass10/snippets/player.cpp/0x8e3e70.cpp
player.cpp,0x8e3ea0,CPlayer::clearSkillFunctionMap(),MATCH,MISSING,Player.h;LevelState.h;SteamStats.h;GraphManager.h;Graph.h;cmath;OgreSceneNode.h,recovered-pass10/snippets/player.cpp/0x8e3ea0.cpp
player.cpp,0x8e3ed0,"CPlayer::setMappedFunctionSkill(unsigned int, long long)",MATCH,MISSING,Player.h;LevelState.h;SteamStats.h;GraphManager.h;Graph.h;cmath;OgreSceneNode.h,recovered-pass10/snippets/player.cpp/0x8e3ed0.cpp
player.cpp,0x8e3f20,"CPlayer::setLeftMappedFunctionSkill(unsigned int, long long)",MATCH,MISSING,Player.h;LevelState.h;SteamStats.h;GraphManager.h;Graph.h;cmath;OgreSceneNode.h,recovered-pass10/snippets/player.cpp/0x8e3f20.cpp
player.cpp,0x8e3f70,CPlayer::clearItemLinkMap(),MATCH,MISSING,Player.h;LevelState.h;SteamStats.h;GraphManager.h;Graph.h;cmath;OgreSceneNode.h,recovered-pass10/snippets/player.cpp/0x8e3f70.cpp
player.cpp,0x8e3f90,CPlayer::resetLevel(),MATCH,MISSING,Player.h;LevelState.h;SteamStats.h;GraphManager.h;Graph.h;cmath;OgreSceneNode.h,recovered-pass10/snippets/player.cpp/0x8e3f90.cpp
player.cpp,0x8e4060,CPlayer::removeLevelSavedState(unsigned int),MATCH,MISSING,Player.h;LevelState.h;SteamStats.h;GraphManager.h;Graph.h;cmath;OgreSceneNode.h,recovered-pass10/snippets/player.cpp/0x8e4060.cpp
player.cpp,0x8e4110,CPlayer::clearLevelHistory(),MATCH,MISSING,Player.h;LevelState.h;SteamStats.h;GraphManager.h;Graph.h;cmath;OgreSceneNode.h,recovered-pass10/snippets/player.cpp/0x8e4110.cpp
player.cpp,0x8e4190,"CPlayer::setJournalStatistic(EJournalStatistic, int)",MATCH,MISSING,Player.h;LevelState.h;SteamStats.h;GraphManager.h;Graph.h;cmath;OgreSceneNode.h,recovered-pass10/snippets/player.cpp/0x8e4190.cpp
player.cpp,0x8e41a0,CPlayer::soldItem(CEquipment*),MATCH,MISSING,Player.h;LevelState.h;SteamStats.h;GraphManager.h;Graph.h;cmath;OgreSceneNode.h,recovered-pass10/snippets/player.cpp/0x8e41a0.cpp
player.cpp,0x8e4e00,CPlayer::getSkillPointsAwardedForFameLevel(unsigned int),MATCH,MISSING,Player.h;LevelState.h;SteamStats.h;GraphManager.h;Graph.h;cmath;OgreSceneNode.h,recovered-pass10/snippets/player.cpp/0x8e4e00.cpp
player.cpp,0x8e4e80,CPlayer::getSkillPointsAwardedForLevel(unsigned int),MATCH,MISSING,Player.h;LevelState.h;SteamStats.h;GraphManager.h;Graph.h;cmath;OgreSceneNode.h,recovered-pass10/snippets/player.cpp/0x8e4e80.cpp
player.cpp,0x8e4f00,CPlayer::getStatsPointsAwardedForLevel(unsigned int),MATCH,MISSING,Player.h;LevelState.h;SteamStats.h;GraphManager.h;Graph.h;cmath;OgreSceneNode.h,recovered-pass10/snippets/player.cpp/0x8e4f00.cpp
player.cpp,0x8e4f80,CPlayer::calculateMaxHP(),MATCH,MISSING,Player.h;LevelState.h;SteamStats.h;GraphManager.h;Graph.h;cmath;OgreSceneNode.h,recovered-pass10/snippets/player.cpp/0x8e4f80.cpp
player.cpp,0x8e4d60,CPlayer::calculateMaxMana(),MATCH,MISSING,Player.h;LevelState.h;SteamStats.h;GraphManager.h;Graph.h;cmath;OgreSceneNode.h,recovered-pass10/snippets/player.cpp/0x8e4d60.cpp
MasterResourceManager.cpp,0xa54460,CMasterResourceManager::destroyStash(),MATCH,MISSING,MasterResourceManager.h;BatchModelRef.h;CollisionModelRef.h;GenericModel.h;CollisionModel.h;AnimationSet.h;SharedStash.h;Graph.h;SoundManager.h;SoundBankDataInformation.h;ParticlePreloader.h,recovered-pass10/snippets/MasterResourceManager.cpp/0xa54460.cpp
MasterResourceManager.cpp,0xa544a0,CMasterResourceManager::getCollisionModel(CCollisionModel*),MATCH,MISSING,MasterResourceManager.h;BatchModelRef.h;CollisionModelRef.h;GenericModel.h;CollisionModel.h;AnimationSet.h;SharedStash.h;Graph.h;SoundManager.h;SoundBankDataInformation.h;ParticlePreloader.h,recovered-pass10/snippets/MasterResourceManager.cpp/0xa544a0.cpp
MasterResourceManager.cpp,0xa544f0,CMasterResourceManager::removeCollisionModel(CCollisionModel*),MATCH,MISSING,MasterResourceManager.h;BatchModelRef.h;CollisionModelRef.h;GenericModel.h;CollisionModel.h;AnimationSet.h;SharedStash.h;Graph.h;SoundManager.h;SoundBankDataInformation.h;ParticlePreloader.h,recovered-pass10/snippets/MasterResourceManager.cpp/0xa544f0.cpp
MasterResourceManager.cpp,0xa54500,CMasterResourceManager::getBatchModel(CGenericModel*),MATCH,MISSING,MasterResourceManager.h;BatchModelRef.h;CollisionModelRef.h;GenericModel.h;CollisionModel.h;AnimationSet.h;SharedStash.h;Graph.h;SoundManager.h;SoundBankDataInformation.h;ParticlePreloader.h,recovered-pass10/snippets/MasterResourceManager.cpp/0xa54500.cpp
MasterResourceManager.cpp,0xa54550,CMasterResourceManager::removeBatchModel(CGenericModel*),MATCH,MISSING,MasterResourceManager.h;BatchModelRef.h;CollisionModelRef.h;GenericModel.h;CollisionModel.h;AnimationSet.h;SharedStash.h;Graph.h;SoundManager.h;SoundBankDataInformation.h;ParticlePreloader.h,recovered-pass10/snippets/MasterResourceManager.cpp/0xa54550.cpp
MasterResourceManager.cpp,0xa54560,CMasterResourceManager::getAnimationSet(CAnimationSet*),MATCH,MISSING,MasterResourceManager.h;BatchModelRef.h;CollisionModelRef.h;GenericModel.h;CollisionModel.h;AnimationSet.h;SharedStash.h;Graph.h;SoundManager.h;SoundBankDataInformation.h;ParticlePreloader.h,recovered-pass10/snippets/MasterResourceManager.cpp/0xa54560.cpp
MasterResourceManager.cpp,0xa545b0,CMasterResourceManager::removeAnimationSet(CAnimationSet*),MATCH,MISSING,MasterResourceManager.h;BatchModelRef.h;CollisionModelRef.h;GenericModel.h;CollisionModel.h;AnimationSet.h;SharedStash.h;Graph.h;SoundManager.h;SoundBankDataInformation.h;ParticlePreloader.h,recovered-pass10/snippets/MasterResourceManager.cpp/0xa545b0.cpp
MasterResourceManager.cpp,0xa548f0,CMasterResourceManager::reloadSoundBankData(),MATCH,MISSING,MasterResourceManager.h;BatchModelRef.h;CollisionModelRef.h;GenericModel.h;CollisionModel.h;AnimationSet.h;SharedStash.h;Graph.h;SoundManager.h;SoundBankDataInformation.h;ParticlePreloader.h,recovered-pass10/snippets/MasterResourceManager.cpp/0xa548f0.cpp
MasterResourceManager.cpp,0xa54930,CMasterResourceManager::getMaxFameLevel(),MATCH,MISSING,MasterResourceManager.h;BatchModelRef.h;CollisionModelRef.h;GenericModel.h;CollisionModel.h;AnimationSet.h;SharedStash.h;Graph.h;SoundManager.h;SoundBankDataInformation.h;ParticlePreloader.h,recovered-pass10/snippets/MasterResourceManager.cpp/0xa54930.cpp
MasterResourceManager.cpp,0xa54940,CMasterResourceManager::fameGate(int),MATCH,MISSING,MasterResourceManager.h;BatchModelRef.h;CollisionModelRef.h;GenericModel.h;CollisionModel.h;AnimationSet.h;SharedStash.h;Graph.h;SoundManager.h;SoundBankDataInformation.h;ParticlePreloader.h,recovered-pass10/snippets/MasterResourceManager.cpp/0xa54940.cpp
MasterResourceManager.cpp,0xa549c0,CMasterResourceManager::getMaxLevel(),MATCH,MISSING,MasterResourceManager.h;BatchModelRef.h;CollisionModelRef.h;GenericModel.h;CollisionModel.h;AnimationSet.h;SharedStash.h;Graph.h;SoundManager.h;SoundBankDataInformation.h;ParticlePreloader.h,recovered-pass10/snippets/MasterResourceManager.cpp/0xa549c0.cpp
MasterResourceManager.cpp,0xa549d0,CMasterResourceManager::experienceGate(int),MATCH,MISSING,MasterResourceManager.h;BatchModelRef.h;CollisionModelRef.h;GenericModel.h;CollisionModel.h;AnimationSet.h;SharedStash.h;Graph.h;SoundManager.h;SoundBankDataInformation.h;ParticlePreloader.h,recovered-pass10/snippets/MasterResourceManager.cpp/0xa549d0.cpp
MasterResourceManager.cpp,0xa5c700,"CMasterResourceManager::getCollisionModel(std::basic_string<wchar_t, std::char_traits<wchar_t>, std::allocator<wchar_t> >)",MATCH,MISSING,MasterResourceManager.h;BatchModelRef.h;CollisionModelRef.h;GenericModel.h;CollisionModel.h;AnimationSet.h;SharedStash.h;Graph.h;SoundManager.h;SoundBankDataInformation.h;ParticlePreloader.h,recovered-pass10/snippets/MasterResourceManager.cpp/0xa5c700.cpp
MasterResourceManager.cpp,0xa5c800,"CMasterResourceManager::getBatchModel(std::basic_string<wchar_t, std::char_traits<wchar_t>, std::allocator<wchar_t> >)",MATCH,MISSING,MasterResourceManager.h;BatchModelRef.h;CollisionModelRef.h;GenericModel.h;CollisionModel.h;AnimationSet.h;SharedStash.h;Graph.h;SoundManager.h;SoundBankDataInformation.h;ParticlePreloader.h,recovered-pass10/snippets/MasterResourceManager.cpp/0xa5c800.cpp
MasterResourceManager.cpp,0xa5c880,CMasterResourceManager::createParticleReloader(),MATCH,MISSING,MasterResourceManager.h;BatchModelRef.h;CollisionModelRef.h;GenericModel.h;CollisionModel.h;AnimationSet.h;SharedStash.h;Graph.h;SoundManager.h;SoundBankDataInformation.h;ParticlePreloader.h,recovered-pass10/snippets/MasterResourceManager.cpp/0xa5c880.cpp
MasterResourceManager.cpp,0xa5cc80,CMasterResourceManager::addAnimationSet(CAnimationSet*),MATCH,MISSING,MasterResourceManager.h;BatchModelRef.h;CollisionModelRef.h;GenericModel.h;CollisionModel.h;AnimationSet.h;SharedStash.h;Graph.h;SoundManager.h;SoundBankDataInformation.h;ParticlePreloader.h,recovered-pass10/snippets/MasterResourceManager.cpp/0xa5cc80.cpp
MasterResourceManager.cpp,0xa5c780,"CMasterResourceManager::getAnimationSet(std::basic_string<wchar_t, std::char_traits<wchar_t>, std::allocator<wchar_t> >)",MATCH,MISSING,MasterResourceManager.h;BatchModelRef.h;CollisionModelRef.h;GenericModel.h;CollisionModel.h;AnimationSet.h;SharedStash.h;Graph.h;SoundManager.h;SoundBankDataInformation.h;ParticlePreloader.h,recovered-pass10/snippets/MasterResourceManager.cpp/0xa5c780.cpp
MasterResourceManager.cpp,0xa5dd10,BatchModelRef::~BatchModelRef(),MATCH,DIFF,MasterResourceManager.h;BatchModelRef.h;CollisionModelRef.h;GenericModel.h;CollisionModel.h;AnimationSet.h;SharedStash.h;Graph.h;SoundManager.h;SoundBankDataInformation.h;ParticlePreloader.h,recovered-pass10/snippets/MasterResourceManager.cpp/0xa5dd10.cpp
MasterResourceManager.cpp,0xa5ddd0,CollisionModelRef::~CollisionModelRef(),MATCH,DIFF,MasterResourceManager.h;BatchModelRef.h;CollisionModelRef.h;GenericModel.h;CollisionModel.h;AnimationSet.h;SharedStash.h;Graph.h;SoundManager.h;SoundBankDataInformation.h;ParticlePreloader.h,recovered-pass10/snippets/MasterResourceManager.cpp/0xa5ddd0.cpp
SoundManager.cpp,0xa6ae80,"CSoundManager::fmodFileReadCallback(void*, void*, unsigned int, unsigned int*, void*)",MATCH,MISSING,SoundManager.h;SoundInstance.h;FmodExCalls.h;EmptyStrings.h,recovered-pass10/snippets/SoundManager.cpp/0xa6ae80.cpp
SoundManager.cpp,0xa6aea0,"CSoundManager::fmodFileSeekCallback(void*, unsigned int, void*)",MATCH,MISSING,SoundManager.h;SoundInstance.h;FmodExCalls.h;EmptyStrings.h,recovered-pass10/snippets/SoundManager.cpp/0xa6aea0.cpp
SoundManager.cpp,0xa6b430,CSoundManager::getMusicFilePlaying(),MATCH,MISSING,SoundManager.h;SoundInstance.h;FmodExCalls.h;EmptyStrings.h,recovered-pass10/snippets/SoundManager.cpp/0xa6b430.cpp
SoundManager.cpp,0xa6b6e0,"CSoundManager::createSoundGroup(std::basic_string<char, std::char_traits<char>, std::allocator<char> >)",MATCH,MISSING,SoundManager.h;SoundInstance.h;FmodExCalls.h;EmptyStrings.h,recovered-pass10/snippets/SoundManager.cpp/0xa6b6e0.cpp
SoundManager.cpp,0xa6b750,"CSoundManager::updateAudioLevels(float, float, bool, bool)",MATCH,MISSING,SoundManager.h;SoundInstance.h;FmodExCalls.h;EmptyStrings.h,recovered-pass10/snippets/SoundManager.cpp/0xa6b750.cpp
SoundManager.cpp,0xa6bb10,CSoundInstance::clear(),MATCH,MISSING,SoundManager.h;SoundInstance.h;FmodExCalls.h;EmptyStrings.h,recovered-pass10/snippets/SoundManager.cpp/0xa6bb10.cpp
SoundManager.cpp,0xa6be90,CSoundInstance::~CSoundInstance(),MATCH,MISSING,SoundManager.h;SoundInstance.h;FmodExCalls.h;EmptyStrings.h,recovered-pass10/snippets/SoundManager.cpp/0xa6be90.cpp
Shape.cpp,0xa02bb0,CShape::getMaxRadiusAtPercent(float),MATCH,,Shape.h;ParticlePropertyConversions.h;OgreMath.h,recovered-pass10/snippets/Shape.cpp/0xa02bb0.cpp
Shape.cpp,0xa02bf0,CShape::getMinRadiusAtPercent(float),MATCH,,Shape.h;ParticlePropertyConversions.h;OgreMath.h,recovered-pass10/snippets/Shape.cpp/0xa02bf0.cpp
Shape.cpp,0xa02c30,CShape::getAngleOfReleaseAtPercent(float),MATCH,,Shape.h;ParticlePropertyConversions.h;OgreMath.h,recovered-pass10/snippets/Shape.cpp/0xa02c30.cpp
Shape.cpp,0xa02ce0,CShape::setShape(unsigned int),MATCH,,Shape.h;ParticlePropertyConversions.h;OgreMath.h,recovered-pass10/snippets/Shape.cpp/0xa02ce0.cpp
Shape.cpp,0xa02cf0,"CShape::setAngleOffset(float const*, unsigned int)",MATCH,,Shape.h;ParticlePropertyConversions.h;OgreMath.h,recovered-pass10/snippets/Shape.cpp/0xa02cf0.cpp
Shape.cpp,0xa02e70,CShape::getAngleOffset(unsigned int&),MATCH,,Shape.h;ParticlePropertyConversions.h;OgreMath.h,recovered-pass10/snippets/Shape.cpp/0xa02e70.cpp
Shape.cpp,0xa02d50,"CShape::setAngleOfRelease(float const*, unsigned int)",MATCH,,Shape.h;ParticlePropertyConversions.h;OgreMath.h,recovered-pass10/snippets/Shape.cpp/0xa02d50.cpp
Shape.cpp,0xa02e80,CShape::getAngleOfRelease(unsigned int&),MATCH,,Shape.h;ParticlePropertyConversions.h;OgreMath.h,recovered-pass10/snippets/Shape.cpp/0xa02e80.cpp
Shape.cpp,0xa02db0,"CShape::setMinRadius(float const*, unsigned int)",MATCH,,Shape.h;ParticlePropertyConversions.h;OgreMath.h,recovered-pass10/snippets/Shape.cpp/0xa02db0.cpp
Shape.cpp,0xa02e90,CShape::getMinRadius(unsigned int&),MATCH,,Shape.h;ParticlePropertyConversions.h;OgreMath.h,recovered-pass10/snippets/Shape.cpp/0xa02e90.cpp
Shape.cpp,0xa02e10,"CShape::setMaxRadius(float const*, unsigned int)",MATCH,,Shape.h;ParticlePropertyConversions.h;OgreMath.h,recovered-pass10/snippets/Shape.cpp/0xa02e10.cpp
Shape.cpp,0xa02ea0,CShape::getMaxRadius(unsigned int&),MATCH,,Shape.h;ParticlePropertyConversions.h;OgreMath.h,recovered-pass10/snippets/Shape.cpp/0xa02ea0.cpp
Shape.cpp,0xa02eb0,CShape::getRadiusAtPercent(float),MATCH,,Shape.h;ParticlePropertyConversions.h;OgreMath.h,recovered-pass10/snippets/Shape.cpp/0xa02eb0.cpp
Graph.cpp,0xc78540,CGraph::clear(unsigned int),MATCH,DIFF,Graph.h;algorithm,recovered-pass10/snippets/Graph.cpp/0xc78540.cpp
level.cpp,0x935fe0,"CLevel::removeListenerFromUnit(long long, iUnitObserver*)",MATCH,MISSING,Level.h;Character.h;Player.h;Item.h;Equipment.h;GameClient.h;Automap.h;EditorScene.h;LevelTemplateData.h;Descriptor.h;GameVariables.h;Utilities.h,recovered-pass10/snippets/level.cpp/0x935fe0.cpp
level.cpp,0x936090,"CLevel::removeListenerFromUnit(CBaseUnit*, iUnitObserver*)",MATCH,MISSING,Level.h;Character.h;Player.h;Item.h;Equipment.h;GameClient.h;Automap.h;EditorScene.h;LevelTemplateData.h;Descriptor.h;GameVariables.h;Utilities.h,recovered-pass10/snippets/level.cpp/0x936090.cpp
level.cpp,0x94b420,"CLevel::addListenerToUnit(CBaseUnit*, iUnitObserver*)",MATCH,MISSING,Level.h;Character.h;Player.h;Item.h;Equipment.h;GameClient.h;Automap.h;EditorScene.h;LevelTemplateData.h;Descriptor.h;GameVariables.h;Utilities.h,recovered-pass10/snippets/level.cpp/0x94b420.cpp
level.cpp,0x936e70,CLevel::removeListenerFromUnits(iUnitObserver*),MATCH,MISSING,Level.h;Character.h;Player.h;Item.h;Equipment.h;GameClient.h;Automap.h;EditorScene.h;LevelTemplateData.h;Descriptor.h;GameVariables.h;Utilities.h,recovered-pass10/snippets/level.cpp/0x936e70.cpp
level.cpp,0x9360b0,CLevel::getAutomapVisible(),MATCH,MISSING,Level.h;Character.h;Player.h;Item.h;Equipment.h;GameClient.h;Automap.h;EditorScene.h;LevelTemplateData.h;Descriptor.h;GameVariables.h;Utilities.h,recovered-pass10/snippets/level.cpp/0x9360b0.cpp
level.cpp,0x938810,CLevel::zoomAutomap(float),MATCH,MISSING,Level.h;Character.h;Player.h;Item.h;Equipment.h;GameClient.h;Automap.h;EditorScene.h;LevelTemplateData.h;Descriptor.h;GameVariables.h;Utilities.h,recovered-pass10/snippets/level.cpp/0x938810.cpp
level.cpp,0x936590,"CLevel::setNPCAutomapBillboardVisible(Ogre::Billboard*, bool)",MATCH,MISSING,Level.h;Character.h;Player.h;Item.h;Equipment.h;GameClient.h;Automap.h;EditorScene.h;LevelTemplateData.h;Descriptor.h;GameVariables.h;Utilities.h,recovered-pass10/snippets/level.cpp/0x936590.cpp
level.cpp,0x936180,CLevel::clearPassabilityData(),MATCH,MISSING,Level.h;Character.h;Player.h;Item.h;Equipment.h;GameClient.h;Automap.h;EditorScene.h;LevelTemplateData.h;Descriptor.h;GameVariables.h;Utilities.h,recovered-pass10/snippets/level.cpp/0x936180.cpp
level.cpp,0x936270,"CLevel::mapPassable(int, int)",MATCH,MISSING,Level.h;Character.h;Player.h;Item.h;Equipment.h;GameClient.h;Automap.h;EditorScene.h;LevelTemplateData.h;Descriptor.h;GameVariables.h;Utilities.h,recovered-pass10/snippets/level.cpp/0x936270.cpp
level.cpp,0x936220,"CLevel::positionPassable(int, int)",MATCH,MISSING,Level.h;Character.h;Player.h;Item.h;Equipment.h;GameClient.h;Automap.h;EditorScene.h;LevelTemplateData.h;Descriptor.h;GameVariables.h;Utilities.h,recovered-pass10/snippets/level.cpp/0x936220.cpp
level.cpp,0x936300,CLevel::restartLevel(),MATCH,MISSING,Level.h;Character.h;Player.h;Item.h;Equipment.h;GameClient.h;Automap.h;EditorScene.h;LevelTemplateData.h;Descriptor.h;GameVariables.h;Utilities.h,recovered-pass10/snippets/level.cpp/0x936300.cpp
level.cpp,0x936330,CLevel::updateLayouts(float),MATCH,MISSING,Level.h;Character.h;Player.h;Item.h;Equipment.h;GameClient.h;Automap.h;EditorScene.h;LevelTemplateData.h;Descriptor.h;GameVariables.h;Utilities.h,recovered-pass10/snippets/level.cpp/0x936330.cpp
level.cpp,0x9364a0,"CLevel::updateCharacterAnimation(float, float, CPlayer*)",MATCH,MISSING,Level.h;Character.h;Player.h;Item.h;Equipment.h;GameClient.h;Automap.h;EditorScene.h;LevelTemplateData.h;Descriptor.h;GameVariables.h;Utilities.h,recovered-pass10/snippets/level.cpp/0x9364a0.cpp
level.cpp,0x936570,CLevel::isDormant(),MATCH,MISSING,Level.h;Character.h;Player.h;Item.h;Equipment.h;GameClient.h;Automap.h;EditorScene.h;LevelTemplateData.h;Descriptor.h;GameVariables.h;Utilities.h,recovered-pass10/snippets/level.cpp/0x936570.cpp
level.cpp,0x936b90,CLevel::getRandomMonster(),MATCH,MISSING,Level.h;Character.h;Player.h;Item.h;Equipment.h;GameClient.h;Automap.h;EditorScene.h;LevelTemplateData.h;Descriptor.h;GameVariables.h;Utilities.h,recovered-pass10/snippets/level.cpp/0x936b90.cpp
level.cpp,0x937020,CLevel::destroyIcons(),MATCH,MISSING,Level.h;Character.h;Player.h;Item.h;Equipment.h;GameClient.h;Automap.h;EditorScene.h;LevelTemplateData.h;Descriptor.h;GameVariables.h;Utilities.h,recovered-pass10/snippets/level.cpp/0x937020.cpp
level.cpp,0x9377f0,CLevel::deleteOpenPortals(),MATCH,MISSING,Level.h;Character.h;Player.h;Item.h;Equipment.h;GameClient.h;Automap.h;EditorScene.h;LevelTemplateData.h;Descriptor.h;GameVariables.h;Utilities.h,recovered-pass10/snippets/level.cpp/0x9377f0.cpp
level.cpp,0x944e30,CLevel::getRoomIndexThatPositionIsIn(Ogre::Vector3 const&),MATCH,MISSING,Level.h;Character.h;Player.h;Item.h;Equipment.h;GameClient.h;Automap.h;EditorScene.h;LevelTemplateData.h;Descriptor.h;GameVariables.h;Utilities.h,recovered-pass10/snippets/level.cpp/0x944e30.cpp
level.cpp,0x945740,"CLevel::randomOpenItemPosition(Ogre::Vector3 const&, float, bool)",MATCH,MISSING,Level.h;Character.h;Player.h;Item.h;Equipment.h;GameClient.h;Automap.h;EditorScene.h;LevelTemplateData.h;Descriptor.h;GameVariables.h;Utilities.h,recovered-pass10/snippets/level.cpp/0x945740.cpp
level.cpp,0x9459a0,"CLevel::randomOpenPosition(Ogre::Vector3 const&, float, bool)",MATCH,MISSING,Level.h;Character.h;Player.h;Item.h;Equipment.h;GameClient.h;Automap.h;EditorScene.h;LevelTemplateData.h;Descriptor.h;GameVariables.h;Utilities.h,recovered-pass10/snippets/level.cpp/0x9459a0.cpp
level.cpp,0x94ed80,"CLevel::rayCollision(Ogre::Vector3 const&, Ogre::Vector3 const&, Ogre::Vector3&, Ogre::Vector3&, bool)",MATCH,MISSING,Level.h;Character.h;Player.h;Item.h;Equipment.h;GameClient.h;Automap.h;EditorScene.h;LevelTemplateData.h;Descriptor.h;GameVariables.h;Utilities.h,recovered-pass10/snippets/level.cpp/0x94ed80.cpp
level.cpp,0x94f330,"CLevel::sphereCollision(Ogre::Vector3 const&, Ogre::Vector3 const&, float, Ogre::Vector3&, Ogre::Vector3&, Ogre::Vector3&)",MATCH,MISSING,Level.h;Character.h;Player.h;Item.h;Equipment.h;GameClient.h;Automap.h;EditorScene.h;LevelTemplateData.h;Descriptor.h;GameVariables.h;Utilities.h,recovered-pass10/snippets/level.cpp/0x94f330.cpp
level.cpp,0x94e9f0,"CLevel::sightUnobstructed(Ogre::Vector3 const&, Ogre::Vector3 const&, bool)",MATCH,MISSING,Level.h;Character.h;Player.h;Item.h;Equipment.h;GameClient.h;Automap.h;EditorScene.h;LevelTemplateData.h;Descriptor.h;GameVariables.h;Utilities.h,recovered-pass10/snippets/level.cpp/0x94e9f0.cpp
level.cpp,0x94e8a0,"CLevel::snapToValidGround(Ogre::Vector3&, float)",MATCH,MISSING,Level.h;Character.h;Player.h;Item.h;Equipment.h;GameClient.h;Automap.h;EditorScene.h;LevelTemplateData.h;Descriptor.h;GameVariables.h;Utilities.h,recovered-pass10/snippets/level.cpp/0x94e8a0.cpp
level.cpp,0x936bf0,CLevel::killAll(),MATCH,MISSING,Level.h;Character.h;Player.h;Item.h;Equipment.h;GameClient.h;Automap.h;EditorScene.h;LevelTemplateData.h;Descriptor.h;GameVariables.h;Utilities.h,recovered-pass10/snippets/level.cpp/0x936bf0.cpp
Quest.cpp,0xd0c700,CQuest::getPlayer(),MATCH,,Quest.h;QuestManager.h;QuestDialog.h;QuestRewards.h;QuestRequirements.h;EmptyStrings.h,recovered-pass10/snippets/Quest.cpp/0xd0c700.cpp
Quest.cpp,0xd0c770,CQuest::caculateRewards(CDataGroup*),MATCH,,Quest.h;QuestManager.h;QuestDialog.h;QuestRewards.h;QuestRequirements.h;EmptyStrings.h,recovered-pass10/snippets/Quest.cpp/0xd0c770.cpp
Quest.cpp,0xd0c720,CQuest::setQuestAcceptDialogInteracted(bool),MATCH,,Quest.h;QuestManager.h;QuestDialog.h;QuestRewards.h;QuestRequirements.h;EmptyStrings.h,recovered-pass10/snippets/Quest.cpp/0xd0c720.cpp
Quest.cpp,0xd0cab0,CQuest::getQuestRewardFame(),MATCH,,Quest.h;QuestManager.h;QuestDialog.h;QuestRewards.h;QuestRequirements.h;EmptyStrings.h,recovered-pass10/snippets/Quest.cpp/0xd0cab0.cpp
Quest.cpp,0xd0cbe0,CQuest::setIsComplete(bool),MATCH,,Quest.h;QuestManager.h;QuestDialog.h;QuestRewards.h;QuestRequirements.h;EmptyStrings.h,recovered-pass10/snippets/Quest.cpp/0xd0cbe0.cpp
Quest.cpp,0xd0d810,CQuest::destroyIcons(),MATCH,,Quest.h;QuestManager.h;QuestDialog.h;QuestRewards.h;QuestRequirements.h;EmptyStrings.h,recovered-pass10/snippets/Quest.cpp/0xd0d810.cpp
Quest.cpp,0xd0cb40,CQuest::getQuestRewardString(),MATCH,,EmptyStrings.h;Quest.h;QuestRewards.h;QuestDialog.h,recovered-pass10/snippets/Quest.cpp/0xd0cb40.cpp
Quest.cpp,0xd19710,CQuest::getQuestDetails(),MATCH,,EmptyStrings.h;Quest.h;QuestRewards.h;QuestDialog.h,recovered-pass10/snippets/Quest.cpp/0xd19710.cpp
ParticlePreloader.cpp,0xa34e60,CParticlePreloader::getSingleton(),MATCH,,ParticlePreloader.h;GameVariables.h;ParticleCache.h,recovered-pass10/snippets/ParticlePreloader.cpp/0xa34e60.cpp
ParticlePreloader.cpp,0xa34e70,CParticlePreloader::ReloadEditorParticles(),MATCH,,ParticlePreloader.h;GameVariables.h;ParticleCache.h,recovered-pass10/snippets/ParticlePreloader.cpp/0xa34e70.cpp
ParticlePreloader.cpp,0xa34ec0,CParticlePreloader::aggressiveUnloadParticles(),MATCH,,ParticlePreloader.h;GameVariables.h;ParticleCache.h,recovered-pass10/snippets/ParticlePreloader.cpp/0xa34ec0.cpp
ParticlePreloader.cpp,0xa34f50,CParticlePreloader::unloadParticlesOnLevelUnload(),MATCH,,ParticlePreloader.h;GameVariables.h;ParticleCache.h,recovered-pass10/snippets/ParticlePreloader.cpp/0xa34f50.cpp
character.cpp,0x80f1b0,CCharacter::getWardrobeChestMesh(),MATCH,MISSING,EmptyStrings.h;Character.h;Wardrobe.h;GenericModel.h;Inventory.h,recovered-pass10/snippets/character.cpp/0x80f1b0.cpp
character.cpp,0x8504b0,"CCharacter::setWardrobeChestMesh(std::basic_string<wchar_t, std::char_traits<wchar_t>, std::allocator<wchar_t> >)",MATCH,MISSING,EmptyStrings.h;Character.h;Wardrobe.h;GenericModel.h;Inventory.h,recovered-pass10/snippets/character.cpp/0x8504b0.cpp
character.cpp,0x80f070,CCharacter::getWardrobeChestTexture(),MATCH,MISSING,EmptyStrings.h;Character.h;Wardrobe.h;GenericModel.h;Inventory.h,recovered-pass10/snippets/character.cpp/0x80f070.cpp
character.cpp,0x850150,"CCharacter::setWardrobeChestTexture(std::basic_string<wchar_t, std::char_traits<wchar_t>, std::allocator<wchar_t> >)",MATCH,MISSING,EmptyStrings.h;Character.h;Wardrobe.h;GenericModel.h;Inventory.h,recovered-pass10/snippets/character.cpp/0x850150.cpp
character.cpp,0x80f170,CCharacter::getWardrobeGlovesMesh(),MATCH,MISSING,EmptyStrings.h;Character.h;Wardrobe.h;GenericModel.h;Inventory.h,recovered-pass10/snippets/character.cpp/0x80f170.cpp
character.cpp,0x850400,"CCharacter::setWardrobeGlovesMesh(std::basic_string<wchar_t, std::char_traits<wchar_t>, std::allocator<wchar_t> >)",MATCH,MISSING,EmptyStrings.h;Character.h;Wardrobe.h;GenericModel.h;Inventory.h,recovered-pass10/snippets/character.cpp/0x850400.cpp
character.cpp,0x80f030,CCharacter::getWardrobeGlovesTexture(),MATCH,MISSING,EmptyStrings.h;Character.h;Wardrobe.h;GenericModel.h;Inventory.h,recovered-pass10/snippets/character.cpp/0x80f030.cpp
character.cpp,0x8500a0,"CCharacter::setWardrobeGlovesTexture(std::basic_string<wchar_t, std::char_traits<wchar_t>, std::allocator<wchar_t> >)",MATCH,MISSING,EmptyStrings.h;Character.h;Wardrobe.h;GenericModel.h;Inventory.h,recovered-pass10/snippets/character.cpp/0x8500a0.cpp
character.cpp,0x80f130,CCharacter::getWardrobeBootsMesh(),MATCH,MISSING,EmptyStrings.h;Character.h;Wardrobe.h;GenericModel.h;Inventory.h,recovered-pass10/snippets/character.cpp/0x80f130.cpp
character.cpp,0x850350,"CCharacter::setWardrobeBootsMesh(std::basic_string<wchar_t, std::char_traits<wchar_t>, std::allocator<wchar_t> >)",MATCH,MISSING,EmptyStrings.h;Character.h;Wardrobe.h;GenericModel.h;Inventory.h,recovered-pass10/snippets/character.cpp/0x850350.cpp
character.cpp,0x80eff0,CCharacter::getWardrobeBootsTexture(),MATCH,MISSING,EmptyStrings.h;Character.h;Wardrobe.h;GenericModel.h;Inventory.h,recovered-pass10/snippets/character.cpp/0x80eff0.cpp
character.cpp,0x84fff0,"CCharacter::setWardrobeBootsTexture(std::basic_string<wchar_t, std::char_traits<wchar_t>, std::allocator<wchar_t> >)",MATCH,MISSING,EmptyStrings.h;Character.h;Wardrobe.h;GenericModel.h;Inventory.h,recovered-pass10/snippets/character.cpp/0x84fff0.cpp
character.cpp,0x80f0f0,CCharacter::getWardrobeHelmMesh(),MATCH,MISSING,EmptyStrings.h;Character.h;Wardrobe.h;GenericModel.h;Inventory.h,recovered-pass10/snippets/character.cpp/0x80f0f0.cpp
character.cpp,0x8502a0,"CCharacter::setWardrobeHelmMesh(std::basic_string<wchar_t, std::char_traits<wchar_t>, std::allocator<wchar_t> >)",MATCH,MISSING,EmptyStrings.h;Character.h;Wardrobe.h;GenericModel.h;Inventory.h,recovered-pass10/snippets/character.cpp/0x8502a0.cpp
character.cpp,0x80efb0,CCharacter::getWardrobeHelmTexture(),MATCH,MISSING,EmptyStrings.h;Character.h;Wardrobe.h;GenericModel.h;Inventory.h,recovered-pass10/snippets/character.cpp/0x80efb0.cpp
character.cpp,0x84ff40,"CCharacter::setWardrobeHelmTexture(std::basic_string<wchar_t, std::char_traits<wchar_t>, std::allocator<wchar_t> >)",MATCH,MISSING,EmptyStrings.h;Character.h;Wardrobe.h;GenericModel.h;Inventory.h,recovered-pass10/snippets/character.cpp/0x84ff40.cpp
character.cpp,0x80f0b0,CCharacter::getWardrobeShoulderMesh(),MATCH,MISSING,EmptyStrings.h;Character.h;Wardrobe.h;GenericModel.h;Inventory.h,recovered-pass10/snippets/character.cpp/0x80f0b0.cpp
character.cpp,0x8501f0,"CCharacter::setWardrobeShoulderMesh(std::basic_string<wchar_t, std::char_traits<wchar_t>, std::allocator<wchar_t> >)",MATCH,MISSING,EmptyStrings.h;Character.h;Wardrobe.h;GenericModel.h;Inventory.h,recovered-pass10/snippets/character.cpp/0x8501f0.cpp
character.cpp,0x80f1f0,CCharacter::getModelPath(),MATCH,MISSING,EmptyStrings.h;Character.h;Wardrobe.h;GenericModel.h;Inventory.h,recovered-pass10/snippets/character.cpp/0x80f1f0.cpp
gameui.cpp,0xa8e090,CGameUI::handle_ClickThrough(CEGUI::EventArgs const&),MATCH,MISSING,GameUI.h;SubMenu.h;DropdownMenu.h;SkillFoldout.h;CEGUIWindow.h;GameVariables.h;Level.h;Settings.h;DynamicPropertyFile.h;InteractiveMenu.h,recovered-pass10/snippets/gameui.cpp/0xa8e090.cpp
gameui.cpp,0xa8e0d0,CGameUI::closeAll(),MATCH,MISSING,GameUI.h;SubMenu.h;DropdownMenu.h;SkillFoldout.h;CEGUIWindow.h;GameVariables.h;Level.h;Settings.h;DynamicPropertyFile.h;InteractiveMenu.h,recovered-pass10/snippets/gameui.cpp/0xa8e0d0.cpp
gameui.cpp,0xa8e460,CGameUI::handle_ToggleOptions(CEGUI::EventArgs const&),MATCH,MISSING,GameUI.h;SubMenu.h;DropdownMenu.h;SkillFoldout.h;CEGUIWindow.h;GameVariables.h;Level.h;Settings.h;DynamicPropertyFile.h;InteractiveMenu.h,recovered-pass10/snippets/gameui.cpp/0xa8e460.cpp
gameui.cpp,0xa8e4b0,CGameUI::toggleSettings(),MATCH,MISSING,GameUI.h;SubMenu.h;DropdownMenu.h;SkillFoldout.h;CEGUIWindow.h;GameVariables.h;Level.h;Settings.h;DynamicPropertyFile.h;InteractiveMenu.h,recovered-pass10/snippets/gameui.cpp/0xa8e4b0.cpp
gameui.cpp,0xa8e5f0,CGameUI::togglePet(),MATCH,MISSING,GameUI.h;SubMenu.h;DropdownMenu.h;SkillFoldout.h;CEGUIWindow.h;GameVariables.h;Level.h;Settings.h;DynamicPropertyFile.h;InteractiveMenu.h,recovered-pass10/snippets/gameui.cpp/0xa8e5f0.cpp
gameui.cpp,0xa8e750,CGameUI::toggleQuest(),MATCH,MISSING,GameUI.h;SubMenu.h;DropdownMenu.h;SkillFoldout.h;CEGUIWindow.h;GameVariables.h;Level.h;Settings.h;DynamicPropertyFile.h;InteractiveMenu.h,recovered-pass10/snippets/gameui.cpp/0xa8e750.cpp
gameui.cpp,0xa8e840,CGameUI::toggleJournal(),MATCH,MISSING,GameUI.h;SubMenu.h;DropdownMenu.h;SkillFoldout.h;CEGUIWindow.h;GameVariables.h;Level.h;Settings.h;DynamicPropertyFile.h;InteractiveMenu.h,recovered-pass10/snippets/gameui.cpp/0xa8e840.cpp
gameui.cpp,0xa8e800,CGameUI::handle_ToggleQuest(CEGUI::EventArgs const&),MATCH,MISSING,GameUI.h;SubMenu.h;DropdownMenu.h;SkillFoldout.h;CEGUIWindow.h;GameVariables.h;Level.h;Settings.h;DynamicPropertyFile.h;InteractiveMenu.h,recovered-pass10/snippets/gameui.cpp/0xa8e800.cpp
gameui.cpp,0xa8e8f0,CGameUI::handle_ToggleJournal(CEGUI::EventArgs const&),MATCH,MISSING,GameUI.h;SubMenu.h;DropdownMenu.h;SkillFoldout.h;CEGUIWindow.h;GameVariables.h;Level.h;Settings.h;DynamicPropertyFile.h;InteractiveMenu.h,recovered-pass10/snippets/gameui.cpp/0xa8e8f0.cpp
gameui.cpp,0xa8e9e0,CGameUI::handle_ToggleSkill(CEGUI::EventArgs const&),MATCH,MISSING,GameUI.h;SubMenu.h;DropdownMenu.h;SkillFoldout.h;CEGUIWindow.h;GameVariables.h;Level.h;Settings.h;DynamicPropertyFile.h;InteractiveMenu.h,recovered-pass10/snippets/gameui.cpp/0xa8e9e0.cpp
gameui.cpp,0xa8eb50,CGameUI::handle_ToggleInventory(CEGUI::EventArgs const&),MATCH,MISSING,GameUI.h;SubMenu.h;DropdownMenu.h;SkillFoldout.h;CEGUIWindow.h;GameVariables.h;Level.h;Settings.h;DynamicPropertyFile.h;InteractiveMenu.h,recovered-pass10/snippets/gameui.cpp/0xa8eb50.cpp
gameui.cpp,0xa8eb90,CGameUI::toggleOptions(),MATCH,MISSING,GameUI.h;SubMenu.h;DropdownMenu.h;SkillFoldout.h;CEGUIWindow.h;GameVariables.h;Level.h;Settings.h;DynamicPropertyFile.h;InteractiveMenu.h,recovered-pass10/snippets/gameui.cpp/0xa8eb90.cpp
gameui.cpp,0xa8ec10,CGameUI::toggleDeath(),MATCH,MISSING,GameUI.h;SubMenu.h;DropdownMenu.h;SkillFoldout.h;CEGUIWindow.h;GameVariables.h;Level.h;Settings.h;DynamicPropertyFile.h;InteractiveMenu.h,recovered-pass10/snippets/gameui.cpp/0xa8ec10.cpp
gameui.cpp,0xa8edc0,CGameUI::toggleWaypointMenu(),MATCH,MISSING,GameUI.h;SubMenu.h;DropdownMenu.h;SkillFoldout.h;CEGUIWindow.h;GameVariables.h;Level.h;Settings.h;DynamicPropertyFile.h;InteractiveMenu.h,recovered-pass10/snippets/gameui.cpp/0xa8edc0.cpp
gameui.cpp,0xa8ed60,CGameUI::toggleDialog(),MATCH,MISSING,GameUI.h;SubMenu.h;DropdownMenu.h;SkillFoldout.h;CEGUIWindow.h;GameVariables.h;Level.h;Settings.h;DynamicPropertyFile.h;InteractiveMenu.h,recovered-pass10/snippets/gameui.cpp/0xa8ed60.cpp
gameui.cpp,0xa82dc0,CGameUI::leftScreenEdge(),MATCH,MISSING,GameUI.h;SubMenu.h;DropdownMenu.h;SkillFoldout.h;CEGUIWindow.h;GameVariables.h;Level.h;Settings.h;DynamicPropertyFile.h;InteractiveMenu.h;algorithm,recovered-pass10/snippets/gameui.cpp/0xa82dc0.cpp
gameui.cpp,0xa82e60,CGameUI::rightScreenEdge(),MATCH,MISSING,GameUI.h;SubMenu.h;DropdownMenu.h;SkillFoldout.h;CEGUIWindow.h;GameVariables.h;Level.h;Settings.h;DynamicPropertyFile.h;InteractiveMenu.h;algorithm,recovered-pass10/snippets/gameui.cpp/0xa82e60.cpp
gameui.cpp,0xa8e010,CGameUI::handle_TogglePet(CEGUI::EventArgs const&),MATCH,MISSING,GameUI.h;SubMenu.h;DropdownMenu.h;SkillFoldout.h;CEGUIWindow.h;GameVariables.h;Level.h;Settings.h;DynamicPropertyFile.h;InteractiveMenu.h,recovered-pass10/snippets/gameui.cpp/0xa8e010.cpp
gameui.cpp,0xa8e050,CGameUI::handle_ToggleStats(CEGUI::EventArgs const&),MATCH,MISSING,GameUI.h;SubMenu.h;DropdownMenu.h;SkillFoldout.h;CEGUIWindow.h;GameVariables.h;Level.h;Settings.h;DynamicPropertyFile.h;InteractiveMenu.h,recovered-pass10/snippets/gameui.cpp/0xa8e050.cpp
gameui.cpp,0xa8e510,CGameUI::handle_ToggleMap(CEGUI::EventArgs const&),MATCH,MISSING,GameUI.h;SubMenu.h;DropdownMenu.h;SkillFoldout.h;CEGUIWindow.h;GameVariables.h;Level.h;Settings.h;DynamicPropertyFile.h;InteractiveMenu.h,recovered-pass10/snippets/gameui.cpp/0xa8e510.cpp
gameui.cpp,0xa8e6a0,CGameUI::toggleStats(),MATCH,MISSING,GameUI.h;SubMenu.h;DropdownMenu.h;SkillFoldout.h;CEGUIWindow.h;GameVariables.h;Level.h;Settings.h;DynamicPropertyFile.h;InteractiveMenu.h,recovered-pass10/snippets/gameui.cpp/0xa8e6a0.cpp
gameui.cpp,0xa8e930,CGameUI::toggleSkill(),MATCH,MISSING,GameUI.h;SubMenu.h;DropdownMenu.h;SkillFoldout.h;CEGUIWindow.h;GameVariables.h;Level.h;Settings.h;DynamicPropertyFile.h;InteractiveMenu.h,recovered-pass10/snippets/gameui.cpp/0xa8e930.cpp
gameui.cpp,0xa83bc0,CGameUI::toggleFPS(),MATCH,MISSING,GameUI.h;SubMenu.h;DropdownMenu.h;SkillFoldout.h;CEGUIWindow.h;GameVariables.h;Level.h;Settings.h;DynamicPropertyFile.h;InteractiveMenu.h,recovered-pass10/snippets/gameui.cpp/0xa83bc0.cpp
EditorScene.cpp,0x7411b0,CEditorScene::clearObjectIndex(),MATCH,MISSING,EditorScene.h;DescriptorManager.h;Descriptor.h;DescriptorController.h;Timeline.h;ParticleTechWrapper.h;ParticleScene.h;LogicGroupDescriptor.h;FileUtilities.h;MasterResourceManager.h;Settings.h;ResourceManager.h;DataGroup.h,recovered-pass10/snippets/EditorScene.cpp/0x7411b0.cpp
EditorScene.cpp,0x741280,CEditorScene::GetNumberOfObjectsInScene(bool),MATCH,MISSING,EditorScene.h;DescriptorManager.h;Descriptor.h;DescriptorController.h;Timeline.h;ParticleTechWrapper.h;ParticleScene.h;LogicGroupDescriptor.h;FileUtilities.h;MasterResourceManager.h;Settings.h;ResourceManager.h;DataGroup.h,recovered-pass10/snippets/EditorScene.cpp/0x741280.cpp
EditorScene.cpp,0x7412b0,CEditorScene::GetObjectsCreatedByADescriptor(CDescriptor*),MATCH,MISSING,EditorScene.h;DescriptorManager.h;Descriptor.h;DescriptorController.h;Timeline.h;ParticleTechWrapper.h;ParticleScene.h;LogicGroupDescriptor.h;FileUtilities.h;MasterResourceManager.h;Settings.h;ResourceManager.h;DataGroup.h,recovered-pass10/snippets/EditorScene.cpp/0x7412b0.cpp
EditorScene.cpp,0x741390,"CEditorScene::canObjectBeSaved(CResourceManager*, CEditorBaseObject*)",MATCH,MISSING,EditorScene.h;DescriptorManager.h;Descriptor.h;DescriptorController.h;Timeline.h;ParticleTechWrapper.h;ParticleScene.h;LogicGroupDescriptor.h;FileUtilities.h;MasterResourceManager.h;Settings.h;ResourceManager.h;DataGroup.h,recovered-pass10/snippets/EditorScene.cpp/0x741390.cpp
EditorScene.cpp,0x741490,"CEditorScene::CreateObjectByDescriptor(std::basic_string<wchar_t, std::char_traits<wchar_t>, std::allocator<wchar_t> > const&, bool)",MATCH,MISSING,EditorScene.h;DescriptorManager.h;Descriptor.h;DescriptorController.h;Timeline.h;ParticleTechWrapper.h;ParticleScene.h;LogicGroupDescriptor.h;FileUtilities.h;MasterResourceManager.h;Settings.h;ResourceManager.h;DataGroup.h,recovered-pass10/snippets/EditorScene.cpp/0x741490.cpp
EditorScene.cpp,0x741510,"CEditorScene::GetDescriptorInSceneByName(wchar_t const*, bool)",MATCH,MISSING,EditorScene.h;DescriptorManager.h;Descriptor.h;DescriptorController.h;Timeline.h;ParticleTechWrapper.h;ParticleScene.h;LogicGroupDescriptor.h;FileUtilities.h;MasterResourceManager.h;Settings.h;ResourceManager.h;DataGroup.h,recovered-pass10/snippets/EditorScene.cpp/0x741510.cpp
EditorScene.cpp,0x741730,"CEditorScene::setChildrenVisible(long long, bool)",MATCH,MISSING,EditorScene.h;DescriptorManager.h;Descriptor.h;DescriptorController.h;Timeline.h;ParticleTechWrapper.h;ParticleScene.h;LogicGroupDescriptor.h;FileUtilities.h;MasterResourceManager.h;Settings.h;ResourceManager.h;DataGroup.h,recovered-pass10/snippets/EditorScene.cpp/0x741730.cpp
EditorScene.cpp,0x7417b0,"CEditorScene::CreateObjectByDescriptor(unsigned int, CEditorBaseObject*, CEditorBaseObject*, bool)",MATCH,MISSING,EditorScene.h;DescriptorManager.h;Descriptor.h;DescriptorController.h;Timeline.h;ParticleTechWrapper.h;ParticleScene.h;LogicGroupDescriptor.h;FileUtilities.h;MasterResourceManager.h;Settings.h;ResourceManager.h;DataGroup.h,recovered-pass10/snippets/EditorScene.cpp/0x7417b0.cpp
EditorScene.cpp,0x741850,CEditorScene::AddDescriptor(CDescriptor*),MATCH,MISSING,EditorScene.h;DescriptorManager.h;Descriptor.h;DescriptorController.h;Timeline.h;ParticleTechWrapper.h;ParticleScene.h;LogicGroupDescriptor.h;FileUtilities.h;MasterResourceManager.h;Settings.h;ResourceManager.h;DataGroup.h,recovered-pass10/snippets/EditorScene.cpp/0x741850.cpp
EditorScene.cpp,0x741960,"CEditorScene::InitScene(CResourceManager*, unsigned int)",MATCH,MISSING,EditorScene.h;DescriptorManager.h;Descriptor.h;DescriptorController.h;Timeline.h;ParticleTechWrapper.h;ParticleScene.h;LogicGroupDescriptor.h;FileUtilities.h;MasterResourceManager.h;Settings.h;ResourceManager.h;DataGroup.h,recovered-pass10/snippets/EditorScene.cpp/0x741960.cpp
EditorScene.cpp,0x7419e0,CEditorScene::deleteUnusedDescriptors(),MATCH,MISSING,EditorScene.h;DescriptorManager.h;Descriptor.h;DescriptorController.h;Timeline.h;ParticleTechWrapper.h;ParticleScene.h;LogicGroupDescriptor.h;FileUtilities.h;MasterResourceManager.h;Settings.h;ResourceManager.h;DataGroup.h,recovered-pass10/snippets/EditorScene.cpp/0x7419e0.cpp
EditorScene.cpp,0x74eca0,"CEditorScene::setFileLoaded(std::basic_string<wchar_t, std::char_traits<wchar_t>, std::allocator<wchar_t> > const&)",MATCH,MISSING,EditorScene.h;DescriptorManager.h;Descriptor.h;DescriptorController.h;Timeline.h;ParticleTechWrapper.h;ParticleScene.h;LogicGroupDescriptor.h;FileUtilities.h;MasterResourceManager.h;Settings.h;ResourceManager.h;DataGroup.h,recovered-pass10/snippets/EditorScene.cpp/0x74eca0.cpp
EditorScene.cpp,0x74f2b0,"CEditorScene::saveObjectsHavingParent(long long, CDataGroup*, CDescriptorSaveConfiguration*)",MATCH,MISSING,EditorScene.h;DescriptorManager.h;Descriptor.h;DescriptorController.h;Timeline.h;ParticleTechWrapper.h;ParticleScene.h;LogicGroupDescriptor.h;FileUtilities.h;MasterResourceManager.h;Settings.h;ResourceManager.h;DataGroup.h,recovered-pass10/snippets/EditorScene.cpp/0x74f2b0.cpp
effect.cpp,0x7dd020,CEffect::getMaxCaculatedValue(),MATCH,,EffectManager.h;Effect.h;Affix.h;BaseUnit.h;Skill.h;Particle.h;ResourceManager.h;EmptyStrings.h,recovered-pass10/snippets/effect.cpp/0x7dd020.cpp
effect.cpp,0x7dd030,CEffect::getMinCaculatedValue(),MATCH,,EffectManager.h;Effect.h;Affix.h;BaseUnit.h;Skill.h;Particle.h;ResourceManager.h;EmptyStrings.h,recovered-pass10/snippets/effect.cpp/0x7dd030.cpp
effect.cpp,0x7d6570,"CEffect::playFX(CResourceManager*, Ogre::Vector3 const&)",MATCH,,EffectManager.h;Effect.h;Affix.h;BaseUnit.h;Skill.h;Particle.h;ResourceManager.h;EmptyStrings.h,recovered-pass10/snippets/effect.cpp/0x7d6570.cpp
effect.cpp,0x7d64a0,CEffect::fxShouldPlay(),MATCH,,EffectManager.h;Effect.h;Affix.h;BaseUnit.h;Skill.h;Particle.h;ResourceManager.h;EmptyStrings.h,recovered-pass10/snippets/effect.cpp/0x7d64a0.cpp
EffectManager.cpp,0x7eb4c0,CEffectManager::notifyOfDeletion(CCharacter*),MATCH,MISSING,EffectManager.h;Effect.h;Affix.h;BaseUnit.h;EmptyStrings.h,recovered-pass10/snippets/EffectManager.cpp/0x7eb4c0.cpp
EffectManager.cpp,0x7eb4d0,CEffectManager::clearAllUnitReferences(),MATCH,MISSING,EffectManager.h;Effect.h;Affix.h;BaseUnit.h;EmptyStrings.h,recovered-pass10/snippets/EffectManager.cpp/0x7eb4d0.cpp
EffectManager.cpp,0x7ec630,"CEffectManager::cloneAffix(CAffix*, unsigned int, CBaseUnit*, float)",MATCH,MISSING,EffectManager.h;Effect.h;Affix.h;BaseUnit.h;EmptyStrings.h,recovered-pass10/snippets/EffectManager.cpp/0x7ec630.cpp
UnitSpawner.cpp,0xa0a5c0,CUnitSpawner::stop(),MATCH,,UnitSpawner.h;GameVariables.h;EmptyStrings.h;iMissile.h;Particle.h,recovered-pass10/snippets/UnitSpawner.cpp/0xa0a5c0.cpp
UnitSpawner.cpp,0xa0a5d0,CUnitSpawner::getParticlesStillVisible(),MATCH,,UnitSpawner.h;GameVariables.h;EmptyStrings.h;iMissile.h;Particle.h,recovered-pass10/snippets/UnitSpawner.cpp/0xa0a5d0.cpp
Missile.cpp,0xcf8ea0,CMissile::getCollisionSphereVisible(),MATCH,,Missile.h;GameVariables.h;EmptyStrings.h;iMissile.h;Particle.h,recovered-pass10/snippets/Missile.cpp/0xcf8ea0.cpp
Missile.cpp,0xcf8ec0,CMissile::getAOESphereVisible(),MATCH,,Missile.h;GameVariables.h;EmptyStrings.h;iMissile.h;Particle.h,recovered-pass10/snippets/Missile.cpp/0xcf8ec0.cpp
Missile.cpp,0xcf8eb0,CMissile::setCollisionSphereVisible(bool),MATCH,,Missile.h;GameVariables.h;EmptyStrings.h;iMissile.h;Particle.h,recovered-pass10/snippets/Missile.cpp/0xcf8eb0.cpp
Missile.cpp,0xcf8ed0,CMissile::setAOESphereVisible(bool),MATCH,,Missile.h;GameVariables.h;EmptyStrings.h;iMissile.h;Particle.h,recovered-pass10/snippets/Missile.cpp/0xcf8ed0.cpp
Missile.cpp,0xcf8f70,CMissile::setRadiusOfMissile(float),MATCH,,Missile.h;GameVariables.h;EmptyStrings.h;iMissile.h;Particle.h,recovered-pass10/snippets/Missile.cpp/0xcf8f70.cpp
Missile.cpp,0xcf8f80,CMissile::setAOERadius(float),MATCH,,Missile.h;GameVariables.h;EmptyStrings.h;iMissile.h;Particle.h,recovered-pass10/snippets/Missile.cpp/0xcf8f80.cpp
Missile.cpp,0xcf99a0,CMissile::getParticleFile(EMISSILE_PARTICLES),MATCH,,Missile.h;GameVariables.h;EmptyStrings.h;iMissile.h;Particle.h,recovered-pass10/snippets/Missile.cpp/0xcf99a0.cpp
LinuxUtils.cpp,0xf61bd0,"LinuxUtils::SaveDesktopResolution(int, int)",MATCH,,LinuxUtils.h,recovered-pass10/snippets/LinuxUtils.cpp/0xf61bd0.cpp
LinuxUtils.cpp,0xf61be0,"LinuxUtils::GetDesktopResolution(int&, int&)",MATCH,,LinuxUtils.h,recovered-pass10/snippets/LinuxUtils.cpp/0xf61be0.cpp
LinuxUtils.cpp,0xf61dd0,LinuxUtils::GetHomeDir(),MATCH,,LinuxUtils.h,recovered-pass10/snippets/LinuxUtils.cpp/0xf61dd0.cpp
LinuxUtils.cpp,0xf61df0,LinuxUtils::GetTempDir(),MATCH,,LinuxUtils.h,recovered-pass10/snippets/LinuxUtils.cpp/0xf61df0.cpp
LinuxUtils.cpp,0xf61e10,LinuxUtils::GetAppDir(),MATCH,,LinuxUtils.h,recovered-pass10/snippets/LinuxUtils.cpp/0xf61e10.cpp
LinuxUtils.cpp,0xf61d60,GetTickCount(),MATCH,,LinuxUtils.h,recovered-pass10/snippets/LinuxUtils.cpp/0xf61d60.cpp
LinuxUtils.cpp,0xf63210,"UpdateCursorPos(long, long)",MATCH,,LinuxUtils.h,recovered-pass10/snippets/LinuxUtils.cpp/0xf63210.cpp
LinuxUtils.cpp,0xf63220,GetCursorPos(POINT*),MATCH,,LinuxUtils.h,recovered-pass10/snippets/LinuxUtils.cpp/0xf63220.cpp
LinuxUtils.cpp,0xf63240,"SetCursorPos(int, int)",MATCH,,LinuxUtils.h,recovered-pass10/snippets/LinuxUtils.cpp/0xf63240.cpp
LinuxUtils.cpp,0xf63250,"UpdateKeyState(unsigned int, bool)",MATCH,,LinuxUtils.h,recovered-pass10/snippets/LinuxUtils.cpp/0xf63250.cpp
LinuxUtils.cpp,0xf63260,GetAsyncKeyState(unsigned int),MATCH,,LinuxUtils.h,recovered-pass10/snippets/LinuxUtils.cpp/0xf63260.cpp
LinuxUtils.cpp,0xf63280,GetKeyState(unsigned int),MATCH,,LinuxUtils.h,recovered-pass10/snippets/LinuxUtils.cpp/0xf63280.cpp
LinuxUtils.cpp,0xf632b0,ClearKeyState(),MATCH,,LinuxUtils.h,recovered-pass10/snippets/LinuxUtils.cpp/0xf632b0.cpp
FileUtilities.cpp,0xc738e0,FILESYSTEM::ReadFloat(_IO_FILE*),MATCH,MISSING,FileUtilities.h,recovered-pass10/snippets/FileUtilities.cpp/0xc738e0.cpp
FileUtilities.cpp,0xc739b0,FILESYSTEM::GetWindowsTempPath(),MATCH,MISSING,FileUtilities.h;LinuxUtils.h,recovered-pass10/snippets/FileUtilities.cpp/0xc739b0.cpp
FileUtilities.cpp,0xc739c0,FILESYSTEM::GetLocalPath(),MATCH,MISSING,FileUtilities.h;LinuxUtils.h,recovered-pass10/snippets/FileUtilities.cpp/0xc739c0.cpp
FileUtilities.cpp,0xc74320,"FILESYSTEM::FileExists(std::basic_string<wchar_t, std::char_traits<wchar_t>, std::allocator<wchar_t> > const&)",MATCH,MISSING,FileUtilities.h,recovered-pass10/snippets/FileUtilities.cpp/0xc74320.cpp
OgreUtilities.cpp,0xc86b50,"OGRE_UTILITIES::attachEntityToSceneNode(Ogre::Entity*, Ogre::SceneNode*)",MATCH,,OgreUtilities.h;OgreEntity.h;OgreSceneNode.h,recovered-pass10/snippets/OgreUtilities.cpp/0xc86b50.cpp
OgreUtilities.cpp,0xc86bd0,OGRE_UTILITIES::detachEntityFromParent(Ogre::Entity*),MATCH,,OgreUtilities.h;OgreEntity.h;OgreSceneNode.h,recovered-pass10/snippets/OgreUtilities.cpp/0xc86bd0.cpp
OgreUtilities.cpp,0xc86c20,OGRE_UTILITIES::removeChildFromParentNode(Ogre::SceneNode*),MATCH,,OgreUtilities.h;OgreSceneNode.h,recovered-pass10/snippets/OgreUtilities.cpp/0xc86c20.cpp
OgreUtilities.cpp,0xc86c60,"OGRE_UTILITIES::addChildSceneNode(Ogre::SceneNode*, Ogre::SceneNode*)",MATCH,,OgreUtilities.h;OgreSceneNode.h,recovered-pass10/snippets/OgreUtilities.cpp/0xc86c60.cpp
StringUtilities.cpp,0xc8da10,"STRINGS::StringCopyCharArray(char*, unsigned int, char const*)",MATCH,MISSING,StringUtilities.h,recovered-pass10/snippets/StringUtilities.cpp/0xc8da10.cpp
StringUtilities.cpp,0xc8dca0,STRINGS::GetValueAsWString(bool),MATCH,MISSING,StringUtilities.h,recovered-pass10/snippets/StringUtilities.cpp/0xc8dca0.cpp
StringUtilities.cpp,0xc8dd90,"STRINGS::GetFloat(std::basic_string<char, std::char_traits<char>, std::allocator<char> > const&)",MATCH,MISSING,StringUtilities.h,recovered-pass10/snippets/StringUtilities.cpp/0xc8dd90.cpp
StringUtilities.cpp,0xc8de40,"STRINGS::GetFloat(std::basic_string<wchar_t, std::char_traits<wchar_t>, std::allocator<wchar_t> > const&)",MATCH,MISSING,StringUtilities.h,recovered-pass10/snippets/StringUtilities.cpp/0xc8de40.cpp
StringUtilities.cpp,0xc8def0,"STRINGS::replaceString(std::basic_string<char, std::char_traits<char>, std::allocator<char> >, std::basic_string<char, std::char_traits<char>, std::allocator<char> > const&, std::basic_string<char, std::char_traits<char>, std::allocator<char> > const&)",MATCH,MISSING,StringUtilities.h,recovered-pass10/snippets/StringUtilities.cpp/0xc8def0.cpp
StringUtilities.cpp,0xc8df60,"STRINGS::replaceWString(std::basic_string<wchar_t, std::char_traits<wchar_t>, std::allocator<wchar_t> >, std::basic_string<wchar_t, std::char_traits<wchar_t>, std::allocator<wchar_t> > const&, std::basic_string<wchar_t, std::char_traits<wchar_t>, std::allocator<wchar_t> > const&)",MATCH,MISSING,StringUtilities.h,recovered-pass10/snippets/StringUtilities.cpp/0xc8df60.cpp
UtilitiesMath.cpp,0xc79ab0,"MATH::worldToLocal(Ogre::Vector3&, Ogre::Vector3 const&, Ogre::Matrix4 const&)",MATCH,DIFF,UtilitiesMath.h,recovered-pass10/snippets/UtilitiesMath.cpp/0xc79ab0.cpp
